"Id","IsDeleted","MasterRecordId","AccountId","Salutation","FirstName","LastName","OtherStreet","OtherCity","OtherState","OtherPostalCode","OtherCountry","OtherLatitude","OtherLongitude","OtherGeocodeAccuracy","MailingStreet","MailingCity","MailingState","MailingPostalCode","MailingCountry","MailingLatitude","MailingLongitude","MailingGeocodeAccuracy","Phone","Fax","MobilePhone","HomePhone","OtherPhone","AssistantPhone","ReportsToId","Email","Title","Department","AssistantName","LeadSource","Birthdate","Description","OwnerId","HasOptedOutOfEmail","HasOptedOutOfFax","DoNotCall","CreatedDate","CreatedById","LastModifiedDate","LastModifiedById","SystemModstamp","LastActivityDate","LastCURequestDate","LastCUUpdateDate","EmailBouncedReason","EmailBouncedDate","Jigsaw","JigsawContactId","CleanStatus","Level__c","Languages__c","TestField__c"
"00324000007LMkDAAW","0","","0012400000A74lgAAB","Ms.","Rose","Gonzalez","","","","","","","","","313 Constitution Place Austin, TX 78767 USA","","","","","","","","(512) 757-6000","(512) 757-9000","(512) 757-9340","","","","","rose@edge.com","SVP, Procurement","Procurement","","Trade Show","1963-05-27 00:00:00","","00524000000utcoAAA","0","0","0","2015-06-15 09:09:14","00524000000utcoAAA","2015-06-15 09:09:14","00524000000utcoAAA","2015-06-15 09:09:14","","","","","","","","Pending","Primary","English",""
"00324000007LMkEAAW","0","","0012400000A74lgAAB","Mr.","Sean","Forbes","","","","","","","","","312 Constitution Place Austin, TX 78767 USA","","","","","","","","(512) 757-6000","(512) 757-9000","(512) 757-4561","","","","","sean@edge.com","CFO","Finance","","Trade Show","1942-02-22 00:00:00","","00524000000utcoAAA","0","0","0","2015-06-15 09:09:14","00524000000utcoAAA","2015-06-15 09:09:14","00524000000utcoAAA","2015-06-15 09:09:14","","","","","","","","Pending","Secondary","English",""
"00324000007LMkFAAW","0","","0012400000A74lhAAB","Mr.","Jack","Rogers","","","","","","","","","525 S. Lexington Ave","Burlington","NC","27215","USA","","","","(336) 222-7000","(336) 222-8000","","","","","","jrogers@burlington.com","VP, Facilities","","","Web","","","00524000000utcoAAA","0","0","0","2015-06-15 09:09:14","00524000000utcoAAA","2015-06-15 09:09:14","00524000000utcoAAA","2015-06-15 09:09:14","","","","","","","","Pending","","",""
"00324000007LMkGAAW","0","","0012400000A74liAAB","Ms.","Pat","Stumuller","2 Place Jussieu","Paris","","75251","France","","","","2 Place Jussieu","Paris","","75251","France","","","","(014) 427-4427","(014) 427-4428","(014) 454-6364","","","(014) 427-4465","","pat@pyramid.net","SVP, Administration and Finance","Finance","Jean Marie","","","","00524000000utcoAAA","0","0","0","2015-06-15 09:09:14","00524000000utcoAAA","2015-06-15 09:09:14","00524000000utcoAAA","2015-06-15 09:09:14","","","","","","","","Pending","Primary","French, English",""
"00324000007LMkHAAW","0","","0012400000A74ljAAB","Mr","Andy","Young","1301 Hoch Drive","Lawrence","KS","66045","USA","","","","1301 Hoch Drive","Lawrence","KS","66045","USA","","","","(785) 241-6200","","(785) 265-5350","","","","","a_young@dickenson.com","SVP, Operations","Internal Operations","","Purchased List","","","00524000000utcoAAA","0","0","0","2015-06-15 09:09:14","00524000000utcoAAA","2015-06-15 09:09:14","00524000000utcoAAA","2015-06-15 09:09:14","","","","","","","","Pending","Primary","English",""
"00324000007LMkIAAW","0","","0012400000A74lkAAB","Mr.","Tim","Barr","","","","","","","","","2335 N. Michigan Avenue, Suite 1500 Chicago, IL 60601, USA","","","","","","","","(312) 596-1000","(312) 596-1500","(312) 596-1230","","","","","barr_tim@grandhotels.com","SVP, Administration and Finance","Finance","","External Referral","1949-01-20 00:00:00","","00524000000utcoAAA","0","0","0","2015-06-15 09:09:14","00524000000utcoAAA","2015-06-16 11:25:09","00524000000utcoAAA","2015-06-16 11:25:09","","","","","","","","Pending","Secondary","English","A Test Value"
"00324000007LMkJAAW","0","","0012400000A74lkAAB","Mr.","John","Bond","","","","","","","","","2334 N. Michigan Avenue, Suite 1500 Chicago, IL 60601, USA","","","","","","","","(312) 596-1000","(312) 596-1500","(312) 596-1563","","","","","bond_john@grandhotels.com","VP, Facilities","Facilities","","External Referral","1951-04-03 00:00:00","","00524000000utcoAAA","0","0","0","2015-06-15 09:09:14","00524000000utcoAAA","2015-06-15 09:09:14","00524000000utcoAAA","2015-06-15 09:09:14","","","","","","","","Pending","Primary","English",""
"00324000007LMkKAAW","0","","0012400000A74lnAAB","Ms.","Stella","Pavlova","","","","","","","","","1303 Avenue of the Americas  New York, NY 10019 USA","","","","","","","","(212) 842-5500","(212) 842-5501","(212) 842-5501","","(212) 842-5543","(212) 842-5589","","spavlova@uog.com","SVP, Production","Production","Audrey Haynes","Public Relations","1938-09-17 00:00:00","","00524000000utcoAAA","0","0","0","2015-06-15 09:09:14","00524000000utcoAAA","2015-06-15 09:09:14","00524000000utcoAAA","2015-06-15 09:09:14","","","","","","","","Pending","Tertiary","English",""
"00324000007LMkLAAW","0","","0012400000A74lnAAB","Ms.","Lauren","Boyle","","","","","","","","","1304 Avenue of the Americas  New York, NY 10019 USA","","","","","","","","(212) 842-5500","(212) 842-5501","(212) 842-5611","","","","","lboyle@uog.com","SVP, Technology","Technology","","Public Relations","1955-10-31 00:00:00","","00524000000utcoAAA","0","0","0","2015-06-15 09:09:14","00524000000utcoAAA","2015-06-15 09:09:14","00524000000utcoAAA","2015-06-15 09:09:14","","","","","","","","Pending","Secondary","English",""
"00324000007LMkMAAW","0","","0012400000A74llAAB","Ms.","Babara","Levy","","","","","","","","","620 SW 5th Avenue Suite 400 Portland, Oregon 97204 United States","","","","","","","","(503) 421-7800","(503) 421-7801","(503) 421-5451","","","(503) 421-6782","","b.levy@expressl&t.net","SVP, Operations","Operations","Ron Sage","Word of mouth","1932-05-03 00:00:00","","00524000000utcoAAA","0","0","0","2015-06-15 09:09:14","00524000000utcoAAA","2015-06-15 09:09:14","00524000000utcoAAA","2015-06-15 09:09:14","","","","","","","","Pending","Primary","English",""
"00324000007LMkNAAW","0","","0012400000A74llAAB","Mr.","Josh","Davis","","","","","","","","","621 SW 5th Avenue Suite 400 Portland, Oregon 97204 United States","","","","","","","","(503) 421-7800","(503) 421-7801","(503) 421-4387","","","","","j.davis@expressl&t.net","Director, Warehouse Mgmt","Warehouse Mgmt","","Word of mouth","1943-08-28 00:00:00","","00524000000utcoAAA","0","0","0","2015-06-15 09:09:14","00524000000utcoAAA","2015-06-15 09:09:14","00524000000utcoAAA","2015-06-15 09:09:14","","","","","","","","Pending","Secondary","English",""
"00324000007LMkOAAW","0","","0012400000A74lmAAB","Ms.","Jane","Grey","","","","","","","","","888 N Euclid  Hallis Center, Room 501 Tucson, AZ 85721 United States","","","","","","","","(520) 773-9050","(520) 773-9060","(520) 773-4539","","","","","jane_gray@uoa.edu","Dean of Administration","Administration","","Word of mouth","1939-07-15 00:00:00","","00524000000utcoAAA","0","0","0","2015-06-15 09:09:14","00524000000utcoAAA","2015-06-15 09:09:14","00524000000utcoAAA","2015-06-15 09:09:14","","","","","","","","Pending","Primary","English",""
"00324000007LMkPAAW","0","","0012400000A74lnAAB","Mr.","Arthur","Song","","","","","","","","","1301 Avenue of the Americas  New York, NY 10019 USA","","","","","","","","(212) 842-5500","(212) 842-5501","(212) 842-4535","","","(212) 842-5464","","asong@uog.com","CEO","Executive Team","Pat Feinstein","Public Relations","1947-01-13 00:00:00","","00524000000utcoAAA","0","0","0","2015-06-15 09:09:14","00524000000utcoAAA","2015-06-15 09:09:14","00524000000utcoAAA","2015-06-15 09:09:14","","","","","","","","Pending","Secondary","English",""
"00324000007LMkQAAW","0","","0012400000A74leAAB","Ms.","Ashley","James","","","","","","","","","Kings Park, 17th Avenue, Team Valley Trading Estate, Gateshead, Tyne and Wear NE26 3HS United Kingdom","","","","","","","","+44 191 4956203","+44 191 4956620","+44 191 3456234","","","","","ajames@uog.com","VP, Finance","Finance","","Public Relations","1941-09-22 00:00:00","","00524000000utcoAAA","0","0","0","2015-06-15 09:09:14","00524000000utcoAAA","2015-06-15 09:09:14","00524000000utcoAAA","2015-06-15 09:09:14","","","","","","","","Pending","Primary","English",""
"00324000007LMkRAAW","0","","0012400000A74lfAAB","Mr.","Tom","Ripley","","","","","","","","","9 Tagore Lane Singapore, Singapore 787472 Singapore","","","","","","","","(650) 450-8810","(650) 450-8820","(650) 345-7636","","","","","tripley@uog.com","Regional General Manager","Executive Team","","Public Relations","1945-11-19 00:00:00","","00524000000utcoAAA","0","0","0","2015-06-15 09:09:14","00524000000utcoAAA","2015-06-15 09:09:14","00524000000utcoAAA","2015-06-15 09:09:14","","","","","","","","Pending","Primary","English",""
"00324000007LMkSAAW","0","","0012400000A74lfAAB","Ms.","Liz","D'Cruz","","","","","","","","","10 Tagore Lane Singapore, Singapore 787472 Singapore","","","","","","","","(650) 450-8810","(650) 450-8820","(650) 345-6637","","","","","ldcruz@uog.com","VP, Production","Production","","Public Relations","1957-03-01 00:00:00","","00524000000utcoAAA","0","0","0","2015-06-15 09:09:14","00524000000utcoAAA","2015-06-15 09:09:14","00524000000utcoAAA","2015-06-15 09:09:14","","","","","","","","Pending","Secondary","English",""
"00324000007LMkTAAW","0","","0012400000A74ldAAB","Ms.","Edna","Frank","","","","","","","","","345 Shoreline Park Mountain View, CA 94043 USA","","","","","","","","(650) 867-3450","(650) 867-9895","(650) 867-7686","","","","","efrank@genepoint.com","VP, Technology","Technology","","Partner","1937-08-06 00:00:00","","00524000000utcoAAA","0","0","0","2015-06-15 09:09:14","00524000000utcoAAA","2015-06-15 09:09:14","00524000000utcoAAA","2015-06-15 09:09:14","","","","","","","","Pending","Primary","English",""
"00324000007LMkUAAW","0","","0012400000A74lnAAB","Mr.","Avi","Green","","","","","","","","","1302 Avenue of the Americas  New York, NY 10019 USA","","","","","","","","(212) 842-5500","(212) 842-5501","(212) 842-2383","","","(212) 842-5428","","agreen@uog.com","CFO","Finance","Chris Nobel","Public Relations","1928-12-24 00:00:00","","00524000000utcoAAA","0","0","0","2015-06-15 09:09:14","00524000000utcoAAA","2015-06-15 09:09:14","00524000000utcoAAA","2015-06-15 09:09:14","","","","","","","","Pending","Primary","English",""
"00324000007LMkVAAW","0","","0012400000A74loAAB","Ms.","Siddartha","Nedaerk","","","","","","","","","The Landmark @ One Market","San Francisco","CA","94087","US","","","","","","","","","","","","","","","","","","00524000000utcoAAA","0","0","0","2015-06-15 09:09:14","00524000000utcoAAA","2015-06-15 09:09:14","00524000000utcoAAA","2015-06-15 09:09:14","","","","","","","","Pending","","",""
"00324000007LMkWAAW","0","","0012400000A74loAAB","Mr.","Jake","Llorrac","","","","","","","","","","","","","","","","","","","","","","","","","","","","","","","00524000000utcoAAA","0","0","0","2015-06-15 09:09:14","00524000000utcoAAA","2015-06-15 09:09:14","00524000000utcoAAA","2015-06-15 09:09:14","","","","","","","","Pending","","",""
