"ROW_ID","SOURCE_ROW_ID","SOURCE_OBJECT_TYPE","DESTINATION_OBJECT_TYPE","DESTINATION_INTERNAL_ID","PROCESSING_ORDER","RELATIONSHIP_NAME","CREATED_DATE","LAST_MODIFIED_DATE"
"120015","90580","BusinessUnit","Function","8007008","2","toFunction","20160724","20161209"
"120014","90580","BusinessUnit","Function","8007017","1","toFunction","20160724","20161209"
"120016","90583","BusinessUnit","Function","8007015","1","toFunction","20160724","20160724"
"120017","90583","BusinessUnit","Function","8007008","2","toFunction","20160724","20160724"
"120019","90586","BusinessUnit","Function","8007010","1","toFunction","20160724","20160810"
"120018","90586","BusinessUnit","Function","8007008","0","toFunction","20160724","20160810"
"120022","90589","BusinessUnit","Function","8007036","3","toFunction","20160724","20160724"
"120028","90589","BusinessUnit","Function","8007004","9","toFunction","20160724","20160724"
"120027","90589","BusinessUnit","Function","8007037","8","toFunction","20160724","20160724"
"120025","90589","BusinessUnit","Function","8007005","6","toFunction","20160724","20160724"
"120026","90589","BusinessUnit","Function","8007011","7","toFunction","20160724","20160724"
"120029","90589","BusinessUnit","Function","8007012","10","toFunction","20160724","20160724"
"120024","90589","BusinessUnit","Function","8007017","5","toFunction","20160724","20160724"
"120023","90589","BusinessUnit","Function","8007024","4","toFunction","20160724","20160724"
"120020","90589","BusinessUnit","Function","8007021","1","toFunction","20160724","20160724"
"120021","90589","BusinessUnit","Function","8007016","2","toFunction","20160724","20160724"
"120030","90592","BusinessUnit","Function","8007013","1","toFunction","20160724","20160724"
"120032","90592","BusinessUnit","Function","8007031","3","toFunction","20160724","20160724"
"120031","90592","BusinessUnit","Function","8007008","2","toFunction","20160724","20160724"
"120035","90595","BusinessUnit","Function","8007009","3","toFunction","20160724","20160724"
"120034","90595","BusinessUnit","Function","8007008","2","toFunction","20160724","20160724"
"120033","90595","BusinessUnit","Function","8007035","1","toFunction","20160724","20160724"
"120036","90598","BusinessUnit","Function","8007022","1","toFunction","20160724","20160724"
"120038","90601","BusinessUnit","Function","8007009","2","toFunction","20160724","20160724"
"120037","90601","BusinessUnit","Function","8007008","1","toFunction","20160724","20160724"
"120040","90601","BusinessUnit","Function","8007018","4","toFunction","20160724","20160724"
"120039","90601","BusinessUnit","Function","8007019","3","toFunction","20160724","20160724"
"120043","90604","BusinessUnit","Function","8007007","3","toFunction","20160724","20160724"
"120042","90604","BusinessUnit","Function","8007008","2","toFunction","20160724","20160724"
"120041","90604","BusinessUnit","Function","8007009","1","toFunction","20160724","20160724"
"120051","90607","BusinessUnit","Function","8007028","8","toFunction","20160724","20160724"
"120046","90607","BusinessUnit","Function","8007004","3","toFunction","20160724","20160724"
"120047","90607","BusinessUnit","Function","8007012","4","toFunction","20160724","20160724"
"120045","90607","BusinessUnit","Function","8007003","2","toFunction","20160724","20160724"
"120054","90607","BusinessUnit","Function","8007032","11","toFunction","20160724","20160724"
"120052","90607","BusinessUnit","Function","8007029","9","toFunction","20160724","20160724"
"120048","90607","BusinessUnit","Function","8007025","5","toFunction","20160724","20160724"
"120050","90607","BusinessUnit","Function","8007027","7","toFunction","20160724","20160724"
"120049","90607","BusinessUnit","Function","8007026","6","toFunction","20160724","20160724"
"120053","90607","BusinessUnit","Function","8007030","10","toFunction","20160724","20160724"
"120055","90607","BusinessUnit","Function","8007009","12","toFunction","20160724","20160724"
"120044","90607","BusinessUnit","Function","8007002","1","toFunction","20160724","20160724"
"120056","90610","BusinessUnit","Function","8007023","1","toFunction","20160724","20160724"
"120062","90613","BusinessUnit","Function","8007033","6","toFunction","20160724","20160724"
"120058","90613","BusinessUnit","Function","8007005","2","toFunction","20160724","20160724"
"120061","90613","BusinessUnit","Function","8007017","5","toFunction","20160724","20160724"
"120059","90613","BusinessUnit","Function","8007021","3","toFunction","20160724","20160724"
"120060","90613","BusinessUnit","Function","8007016","4","toFunction","20160724","20160724"
"120057","90613","BusinessUnit","Function","8007034","1","toFunction","20160724","20160724"
"120063","90613","BusinessUnit","Function","8007001","7","toFunction","20160724","20160724"
"120064","90613","BusinessUnit","Function","8007011","8","toFunction","20160724","20160724"
"120065","90613","BusinessUnit","Function","8007012","9","toFunction","20160724","20160724"
"120067","90616","BusinessUnit","Function","8007008","2","toFunction","20160724","20160724"
"120069","90616","BusinessUnit","Function","8007020","4","toFunction","20160724","20160724"
"120066","90616","BusinessUnit","Function","8007006","1","toFunction","20160724","20160724"
"120068","90616","BusinessUnit","Function","8007014","3","toFunction","20160724","20160724"
"4303502","2390049","BusinessUnit","Function","153503001","1","toFunction","20161214","20161214"
"23901525","38360501","BusinessUnit","Function","264001532","5","toFunction","20170201","20170201"
"23901524","38360501","BusinessUnit","Function","264001527","4","toFunction","20170201","20170201"
"23901522","38360501","BusinessUnit","Function","264001520","2","toFunction","20170201","20170201"
"23901521","38360501","BusinessUnit","Function","260000507","1","toFunction","20170201","20170201"
"23901523","38360501","BusinessUnit","Function","264001522","3","toFunction","20170201","20170201"
"32400009","38360501","BusinessUnit","Function","8007008","7","toFunction","20170203","20170203"
"32400008","38360501","BusinessUnit","Function","8007007","6","toFunction","20170203","20170203"
"32400010","38360501","BusinessUnit","Function","8007015","8","toFunction","20170203","20170203"
"120001","90580","BusinessUnit","Division","8003002","1","toDivision","20160724","20161209"
"120002","90583","BusinessUnit","Division","8003001","1","toDivision","20160724","20160724"
"120003","90586","BusinessUnit","Division","8003001","0","toDivision","20160724","20160810"
"120004","90589","BusinessUnit","Division","8003002","1","toDivision","20160724","20160724"
"120005","90592","BusinessUnit","Division","8003001","1","toDivision","20160724","20160724"
"120006","90595","BusinessUnit","Division","8003001","1","toDivision","20160724","20160724"
"120007","90598","BusinessUnit","Division","8003003","1","toDivision","20160724","20160724"
"120008","90601","BusinessUnit","Division","8003001","1","toDivision","20160724","20160724"
"120009","90604","BusinessUnit","Division","8003001","1","toDivision","20160724","20160724"
"120010","90607","BusinessUnit","Division","8003004","1","toDivision","20160724","20160724"
"120011","90610","BusinessUnit","Division","8003001","1","toDivision","20160724","20160724"
"120012","90613","BusinessUnit","Division","8003002","1","toDivision","20160724","20160724"
"120013","90616","BusinessUnit","Division","8003001","1","toDivision","20160724","20160724"
"4303501","2390049","BusinessUnit","Division","8003001","1","toDivision","20161214","20161214"
"23901520","38360501","BusinessUnit","Division","8003001","1","toDivision","20170201","20170201"
"130003","100004","CostCenter","SubCostCenter","9002801","3","toSubCostCenter","20160724","20160724"
"130002","100004","CostCenter","SubCostCenter","9002802","2","toSubCostCenter","20160724","20160724"
"130001","100004","CostCenter","SubCostCenter","9002803","1","toSubCostCenter","20160724","20160724"
"130005","100007","CostCenter","SubCostCenter","9002805","2","toSubCostCenter","20160724","20160724"
"130004","100007","CostCenter","SubCostCenter","9002804","1","toSubCostCenter","20160724","20160724"
"130006","100010","CostCenter","SubCostCenter","9002618","1","toSubCostCenter","20160724","20160724"
"130007","100013","CostCenter","SubCostCenter","9002751","1","toSubCostCenter","20160724","20160724"
"130009","100013","CostCenter","SubCostCenter","9002753","3","toSubCostCenter","20160724","20160724"
"130011","100013","CostCenter","SubCostCenter","9002755","5","toSubCostCenter","20160724","20160724"
"130008","100013","CostCenter","SubCostCenter","9002752","2","toSubCostCenter","20160724","20160724"
"130012","100013","CostCenter","SubCostCenter","9002756","6","toSubCostCenter","20160724","20160724"
"130010","100013","CostCenter","SubCostCenter","9002754","4","toSubCostCenter","20160724","20160724"
"130013","100016","CostCenter","SubCostCenter","9002806","1","toSubCostCenter","20160724","20160724"
"130014","100019","CostCenter","SubCostCenter","9002621","1","toSubCostCenter","20160724","20160724"
"130015","100022","CostCenter","SubCostCenter","9002620","1","toSubCostCenter","20160724","20160724"
"130016","100022","CostCenter","SubCostCenter","9002619","2","toSubCostCenter","20160724","20160724"
"130018","100025","CostCenter","SubCostCenter","9002632","2","toSubCostCenter","20160724","20160724"
"130017","100025","CostCenter","SubCostCenter","9002631","1","toSubCostCenter","20160724","20160724"
"130019","100028","CostCenter","SubCostCenter","9002749","1","toSubCostCenter","20160724","20160724"
"130025","100031","CostCenter","SubCostCenter","9002626","6","toSubCostCenter","20160724","20160724"
"130020","100031","CostCenter","SubCostCenter","9002624","1","toSubCostCenter","20160724","20160724"
"130028","100031","CostCenter","SubCostCenter","9002629","9","toSubCostCenter","20160724","20160724"
"130022","100031","CostCenter","SubCostCenter","9002622","3","toSubCostCenter","20160724","20160724"
"130026","100031","CostCenter","SubCostCenter","9002627","7","toSubCostCenter","20160724","20160724"
"130024","100031","CostCenter","SubCostCenter","9002630","5","toSubCostCenter","20160724","20160724"
"130021","100031","CostCenter","SubCostCenter","9002623","2","toSubCostCenter","20160724","20160724"
"130023","100031","CostCenter","SubCostCenter","9002625","4","toSubCostCenter","20160724","20160724"
"130027","100031","CostCenter","SubCostCenter","9002628","8","toSubCostCenter","20160724","20160724"
"130030","100034","CostCenter","SubCostCenter","9002637","2","toSubCostCenter","20160724","20160724"
"130032","100034","CostCenter","SubCostCenter","9002639","4","toSubCostCenter","20160724","20160724"
"130029","100034","CostCenter","SubCostCenter","9002636","1","toSubCostCenter","20160724","20160724"
"130035","100034","CostCenter","SubCostCenter","9002634","7","toSubCostCenter","20160724","20160724"
"130031","100034","CostCenter","SubCostCenter","9002638","3","toSubCostCenter","20160724","20160724"
"130034","100034","CostCenter","SubCostCenter","9002633","6","toSubCostCenter","20160724","20160724"
"130036","100034","CostCenter","SubCostCenter","9002635","8","toSubCostCenter","20160724","20160724"
"130033","100034","CostCenter","SubCostCenter","9002640","5","toSubCostCenter","20160724","20160724"
"130038","100037","CostCenter","SubCostCenter","9002644","2","toSubCostCenter","20160724","20160724"
"130037","100037","CostCenter","SubCostCenter","9002645","1","toSubCostCenter","20160724","20160724"
"130039","100040","CostCenter","SubCostCenter","9002643","1","toSubCostCenter","20160724","20160724"
"130040","100040","CostCenter","SubCostCenter","9002642","2","toSubCostCenter","20160724","20160724"
"130041","100040","CostCenter","SubCostCenter","9002641","3","toSubCostCenter","20160724","20160724"
"130042","100043","CostCenter","SubCostCenter","9002785","0","toSubCostCenter","20160724","20161111"
"130045","100043","CostCenter","SubCostCenter","9002787","3","toSubCostCenter","20160724","20161111"
"130044","100043","CostCenter","SubCostCenter","9002786","2","toSubCostCenter","20160724","20161111"
"130043","100043","CostCenter","SubCostCenter","9002784","1","toSubCostCenter","20160724","20161111"
"130046","100043","CostCenter","SubCostCenter","9002788","4","toSubCostCenter","20160724","20161111"
"130047","100046","CostCenter","SubCostCenter","9002808","1","toSubCostCenter","20160724","20160724"
"130048","100046","CostCenter","SubCostCenter","9002809","2","toSubCostCenter","20160724","20160724"
"130054","100049","CostCenter","SubCostCenter","9002699","6","toSubCostCenter","20160724","20160724"
"130058","100049","CostCenter","SubCostCenter","9002694","10","toSubCostCenter","20160724","20160724"
"130057","100049","CostCenter","SubCostCenter","9002693","9","toSubCostCenter","20160724","20160724"
"130055","100049","CostCenter","SubCostCenter","9002698","7","toSubCostCenter","20160724","20160724"
"130059","100049","CostCenter","SubCostCenter","9002696","11","toSubCostCenter","20160724","20160724"
"130053","100049","CostCenter","SubCostCenter","9002700","5","toSubCostCenter","20160724","20160724"
"130052","100049","CostCenter","SubCostCenter","9002701","4","toSubCostCenter","20160724","20160724"
"130049","100049","CostCenter","SubCostCenter","9002695","1","toSubCostCenter","20160724","20160724"
"130056","100049","CostCenter","SubCostCenter","9002697","8","toSubCostCenter","20160724","20160724"
"130051","100049","CostCenter","SubCostCenter","9002702","3","toSubCostCenter","20160724","20160724"
"130050","100049","CostCenter","SubCostCenter","9002703","2","toSubCostCenter","20160724","20160724"
"130061","100052","CostCenter","SubCostCenter","9002780","2","toSubCostCenter","20160724","20160724"
"130062","100052","CostCenter","SubCostCenter","9002782","3","toSubCostCenter","20160724","20160724"
"130060","100052","CostCenter","SubCostCenter","9002781","1","toSubCostCenter","20160724","20160724"
"130063","100052","CostCenter","SubCostCenter","9002783","4","toSubCostCenter","20160724","20160724"
"130064","100055","CostCenter","SubCostCenter","9002588","1","toSubCostCenter","20160724","20160724"
"130065","100055","CostCenter","SubCostCenter","9002589","2","toSubCostCenter","20160724","20160724"
"130067","100055","CostCenter","SubCostCenter","9002591","4","toSubCostCenter","20160724","20160724"
"130066","100055","CostCenter","SubCostCenter","9002590","3","toSubCostCenter","20160724","20160724"
"130068","100058","CostCenter","SubCostCenter","9002750","1","toSubCostCenter","20160724","20160724"
"130078","100061","CostCenter","SubCostCenter","9002560","10","toSubCostCenter","20160724","20160724"
"130075","100061","CostCenter","SubCostCenter","9002558","7","toSubCostCenter","20160724","20160724"
"130077","100061","CostCenter","SubCostCenter","9002556","9","toSubCostCenter","20160724","20160724"
"130072","100061","CostCenter","SubCostCenter","9002552","4","toSubCostCenter","20160724","20160724"
"130076","100061","CostCenter","SubCostCenter","9002557","8","toSubCostCenter","20160724","20160724"
"130073","100061","CostCenter","SubCostCenter","9002561","5","toSubCostCenter","20160724","20160724"
"130069","100061","CostCenter","SubCostCenter","9002555","1","toSubCostCenter","20160724","20160724"
"130071","100061","CostCenter","SubCostCenter","9002553","3","toSubCostCenter","20160724","20160724"
"130074","100061","CostCenter","SubCostCenter","9002559","6","toSubCostCenter","20160724","20160724"
"130070","100061","CostCenter","SubCostCenter","9002554","2","toSubCostCenter","20160724","20160724"
"130079","100064","CostCenter","SubCostCenter","9002727","1","toSubCostCenter","20160724","20160724"
"130080","100064","CostCenter","SubCostCenter","9002728","2","toSubCostCenter","20160724","20160724"
"130081","100067","CostCenter","SubCostCenter","9002596","1","toSubCostCenter","20160724","20160724"
"130083","100070","CostCenter","SubCostCenter","9002726","2","toSubCostCenter","20160724","20160724"
"130082","100070","CostCenter","SubCostCenter","9002725","1","toSubCostCenter","20160724","20160724"
"130093","100073","CostCenter","SubCostCenter","9002717","10","toSubCostCenter","20160724","20160724"
"130087","100073","CostCenter","SubCostCenter","9002722","4","toSubCostCenter","20160724","20160724"
"130094","100073","CostCenter","SubCostCenter","9002718","11","toSubCostCenter","20160724","20160724"
"130084","100073","CostCenter","SubCostCenter","9002723","1","toSubCostCenter","20160724","20160724"
"130096","100073","CostCenter","SubCostCenter","9002720","13","toSubCostCenter","20160724","20160724"
"130095","100073","CostCenter","SubCostCenter","9002719","12","toSubCostCenter","20160724","20160724"
"130086","100073","CostCenter","SubCostCenter","9002724","3","toSubCostCenter","20160724","20160724"
"130090","100073","CostCenter","SubCostCenter","9002714","7","toSubCostCenter","20160724","20160724"
"130089","100073","CostCenter","SubCostCenter","9002713","6","toSubCostCenter","20160724","20160724"
"130085","100073","CostCenter","SubCostCenter","9002712","2","toSubCostCenter","20160724","20160724"
"130092","100073","CostCenter","SubCostCenter","9002716","9","toSubCostCenter","20160724","20160724"
"130088","100073","CostCenter","SubCostCenter","9002721","5","toSubCostCenter","20160724","20160724"
"130091","100073","CostCenter","SubCostCenter","9002715","8","toSubCostCenter","20160724","20160724"
"130097","100076","CostCenter","SubCostCenter","9002595","1","toSubCostCenter","20160724","20160724"
"130098","100079","CostCenter","SubCostCenter","9002735","1","toSubCostCenter","20160724","20160724"
"130099","100082","CostCenter","SubCostCenter","9002734","1","toSubCostCenter","20160724","20160724"
"130101","100082","CostCenter","SubCostCenter","9002732","3","toSubCostCenter","20160724","20160724"
"130100","100082","CostCenter","SubCostCenter","9002733","2","toSubCostCenter","20160724","20160724"
"130102","100085","CostCenter","SubCostCenter","9002763","1","toSubCostCenter","20160724","20160724"
"130105","100088","CostCenter","SubCostCenter","9002731","3","toSubCostCenter","20160724","20160724"
"130104","100088","CostCenter","SubCostCenter","9002730","2","toSubCostCenter","20160724","20160724"
"130103","100088","CostCenter","SubCostCenter","9002729","1","toSubCostCenter","20160724","20160724"
"130106","100091","CostCenter","SubCostCenter","9002738","1","toSubCostCenter","20160724","20160724"
"130107","100094","CostCenter","SubCostCenter","9002737","1","toSubCostCenter","20160724","20160724"
"130113","100097","CostCenter","SubCostCenter","9002816","6","toSubCostCenter","20160724","20160724"
"130112","100097","CostCenter","SubCostCenter","9002820","5","toSubCostCenter","20160724","20160724"
"130115","100097","CostCenter","SubCostCenter","9002818","8","toSubCostCenter","20160724","20160724"
"130114","100097","CostCenter","SubCostCenter","9002817","7","toSubCostCenter","20160724","20160724"
"130117","100097","CostCenter","SubCostCenter","9002815","10","toSubCostCenter","20160724","20160724"
"130111","100097","CostCenter","SubCostCenter","9002814","4","toSubCostCenter","20160724","20160724"
"130116","100097","CostCenter","SubCostCenter","9002819","9","toSubCostCenter","20160724","20160724"
"130110","100097","CostCenter","SubCostCenter","9002813","3","toSubCostCenter","20160724","20160724"
"130108","100097","CostCenter","SubCostCenter","9002811","1","toSubCostCenter","20160724","20160724"
"130109","100097","CostCenter","SubCostCenter","9002812","2","toSubCostCenter","20160724","20160724"
"130120","100100","CostCenter","SubCostCenter","9002593","3","toSubCostCenter","20160724","20160724"
"130118","100100","CostCenter","SubCostCenter","9002592","1","toSubCostCenter","20160724","20160724"
"130119","100100","CostCenter","SubCostCenter","9002594","2","toSubCostCenter","20160724","20160724"
"130122","100103","CostCenter","SubCostCenter","9002767","2","toSubCostCenter","20160724","20160724"
"130123","100103","CostCenter","SubCostCenter","9002768","3","toSubCostCenter","20160724","20160724"
"130124","100103","CostCenter","SubCostCenter","9002769","4","toSubCostCenter","20160724","20160724"
"130129","100103","CostCenter","SubCostCenter","9002772","9","toSubCostCenter","20160724","20160724"
"130127","100103","CostCenter","SubCostCenter","9002771","7","toSubCostCenter","20160724","20160724"
"130130","100103","CostCenter","SubCostCenter","9002773","10","toSubCostCenter","20160724","20160724"
"130132","100103","CostCenter","SubCostCenter","9002775","12","toSubCostCenter","20160724","20160724"
"130133","100103","CostCenter","SubCostCenter","9002776","13","toSubCostCenter","20160724","20160724"
"130121","100103","CostCenter","SubCostCenter","9002766","1","toSubCostCenter","20160724","20160724"
"130125","100103","CostCenter","SubCostCenter","9002770","5","toSubCostCenter","20160724","20160724"
"130128","100103","CostCenter","SubCostCenter","9002777","8","toSubCostCenter","20160724","20160724"
"130126","100103","CostCenter","SubCostCenter","9002765","6","toSubCostCenter","20160724","20160724"
"130131","100103","CostCenter","SubCostCenter","9002774","11","toSubCostCenter","20160724","20160724"
"130134","100106","CostCenter","SubCostCenter","9002677","0","toSubCostCenter","20160724","20161119"
"130135","100106","CostCenter","SubCostCenter","9002678","1","toSubCostCenter","20160724","20161119"
"130136","100109","CostCenter","SubCostCenter","9002764","1","toSubCostCenter","20160724","20160724"
"130138","100112","CostCenter","SubCostCenter","9002690","2","toSubCostCenter","20160724","20160724"
"130137","100112","CostCenter","SubCostCenter","9002691","1","toSubCostCenter","20160724","20160724"
"130139","100112","CostCenter","SubCostCenter","9002692","3","toSubCostCenter","20160724","20160724"
"130140","100115","CostCenter","SubCostCenter","9002566","1","toSubCostCenter","20160724","20160724"
"130141","100118","CostCenter","SubCostCenter","9002562","1","toSubCostCenter","20160724","20160724"
"130143","100121","CostCenter","SubCostCenter","9002564","2","toSubCostCenter","20160724","20160724"
"130142","100121","CostCenter","SubCostCenter","9002563","1","toSubCostCenter","20160724","20160724"
"130144","100124","CostCenter","SubCostCenter","9002565","1","toSubCostCenter","20160724","20160724"
"130145","100127","CostCenter","SubCostCenter","9002689","1","toSubCostCenter","20160724","20160724"
"130147","100130","CostCenter","SubCostCenter","9002688","2","toSubCostCenter","20160724","20160724"
"130146","100130","CostCenter","SubCostCenter","9002687","1","toSubCostCenter","20160724","20160724"
"130148","100130","CostCenter","SubCostCenter","9002686","3","toSubCostCenter","20160724","20160724"
"130149","100133","CostCenter","SubCostCenter","9002685","1","toSubCostCenter","20160724","20160724"
"130151","100136","CostCenter","SubCostCenter","9002682","2","toSubCostCenter","20160724","20160724"
"130155","100136","CostCenter","SubCostCenter","9002679","6","toSubCostCenter","20160724","20160724"
"130150","100136","CostCenter","SubCostCenter","9002681","1","toSubCostCenter","20160724","20160724"
"130153","100136","CostCenter","SubCostCenter","9002684","4","toSubCostCenter","20160724","20160724"
"130154","100136","CostCenter","SubCostCenter","9002683","5","toSubCostCenter","20160724","20160724"
"130152","100136","CostCenter","SubCostCenter","9002680","3","toSubCostCenter","20160724","20160724"
"130156","100139","CostCenter","SubCostCenter","9002800","1","toSubCostCenter","20160724","20160724"
"130157","100142","CostCenter","SubCostCenter","9002798","1","toSubCostCenter","20160724","20160724"
"130158","100142","CostCenter","SubCostCenter","9002799","2","toSubCostCenter","20160724","20160724"
"130159","100145","CostCenter","SubCostCenter","9002531","1","toSubCostCenter","20160724","20160724"
"130160","100145","CostCenter","SubCostCenter","9002532","2","toSubCostCenter","20160724","20160724"
"130161","100148","CostCenter","SubCostCenter","9002711","1","toSubCostCenter","20160724","20160724"
"130162","100151","CostCenter","SubCostCenter","9002612","1","toSubCostCenter","20160724","20161221"
"130163","100154","CostCenter","SubCostCenter","9002611","1","toSubCostCenter","20160724","20160724"
"130164","100157","CostCenter","SubCostCenter","9002762","1","toSubCostCenter","20160724","20160724"
"130165","100160","CostCenter","SubCostCenter","9002616","1","toSubCostCenter","20160724","20160724"
"130166","100163","CostCenter","SubCostCenter","9002617","1","toSubCostCenter","20160724","20160724"
"130168","100166","CostCenter","SubCostCenter","9002614","2","toSubCostCenter","20160724","20161221"
"130167","100166","CostCenter","SubCostCenter","9002613","1","toSubCostCenter","20160724","20161221"
"130169","100166","CostCenter","SubCostCenter","9002615","3","toSubCostCenter","20160724","20161221"
"130175","100169","CostCenter","SubCostCenter","9002794","6","toSubCostCenter","20160724","20160724"
"130172","100169","CostCenter","SubCostCenter","9002792","3","toSubCostCenter","20160724","20160724"
"130174","100169","CostCenter","SubCostCenter","9002795","5","toSubCostCenter","20160724","20160724"
"130171","100169","CostCenter","SubCostCenter","9002790","2","toSubCostCenter","20160724","20160724"
"130173","100169","CostCenter","SubCostCenter","9002796","4","toSubCostCenter","20160724","20160724"
"130170","100169","CostCenter","SubCostCenter","9002791","1","toSubCostCenter","20160724","20160724"
"130176","100169","CostCenter","SubCostCenter","9002793","7","toSubCostCenter","20160724","20160724"
"130177","100172","CostCenter","SubCostCenter","9002797","1","toSubCostCenter","20160724","20160724"
"130178","100175","CostCenter","SubCostCenter","9002533","1","toSubCostCenter","20160724","20160724"
"130179","100178","CostCenter","SubCostCenter","9002569","1","toSubCostCenter","20160724","20160724"
"130180","100181","CostCenter","SubCostCenter","9002534","1","toSubCostCenter","20160724","20160724"
"130181","100184","CostCenter","SubCostCenter","9002535","1","toSubCostCenter","20160724","20160724"
"130182","100187","CostCenter","SubCostCenter","9002570","1","toSubCostCenter","20160724","20160724"
"130184","100187","CostCenter","SubCostCenter","9002572","3","toSubCostCenter","20160724","20160724"
"130185","100187","CostCenter","SubCostCenter","9002573","4","toSubCostCenter","20160724","20160724"
"130183","100187","CostCenter","SubCostCenter","9002571","2","toSubCostCenter","20160724","20160724"
"130189","100190","CostCenter","SubCostCenter","9002550","4","toSubCostCenter","20160724","20160724"
"130187","100190","CostCenter","SubCostCenter","9002537","2","toSubCostCenter","20160724","20160724"
"130196","100190","CostCenter","SubCostCenter","9002543","11","toSubCostCenter","20160724","20160724"
"130197","100190","CostCenter","SubCostCenter","9002538","12","toSubCostCenter","20160724","20160724"
"130201","100190","CostCenter","SubCostCenter","9002542","16","toSubCostCenter","20160724","20160724"
"130194","100190","CostCenter","SubCostCenter","9002545","9","toSubCostCenter","20160724","20160724"
"130193","100190","CostCenter","SubCostCenter","9002546","8","toSubCostCenter","20160724","20160724"
"130200","100190","CostCenter","SubCostCenter","9002541","15","toSubCostCenter","20160724","20160724"
"130199","100190","CostCenter","SubCostCenter","9002540","14","toSubCostCenter","20160724","20160724"
"130190","100190","CostCenter","SubCostCenter","9002549","5","toSubCostCenter","20160724","20160724"
"130191","100190","CostCenter","SubCostCenter","9002548","6","toSubCostCenter","20160724","20160724"
"130198","100190","CostCenter","SubCostCenter","9002539","13","toSubCostCenter","20160724","20160724"
"130186","100190","CostCenter","SubCostCenter","9002536","1","toSubCostCenter","20160724","20160724"
"130192","100190","CostCenter","SubCostCenter","9002547","7","toSubCostCenter","20160724","20160724"
"130195","100190","CostCenter","SubCostCenter","9002544","10","toSubCostCenter","20160724","20160724"
"130188","100190","CostCenter","SubCostCenter","9002551","3","toSubCostCenter","20160724","20160724"
"130202","100193","CostCenter","SubCostCenter","9002576","1","toSubCostCenter","20160724","20160724"
"130204","100196","CostCenter","SubCostCenter","9002575","2","toSubCostCenter","20160724","20160724"
"130203","100196","CostCenter","SubCostCenter","9002574","1","toSubCostCenter","20160724","20160724"
"130205","100199","CostCenter","SubCostCenter","9002577","1","toSubCostCenter","20160724","20160724"
"130206","100202","CostCenter","SubCostCenter","9002501","1","toSubCostCenter","20160724","20160724"
"130222","100205","CostCenter","SubCostCenter","9002518","16","toSubCostCenter","20160724","20160724"
"130209","100205","CostCenter","SubCostCenter","9002525","3","toSubCostCenter","20160724","20160724"
"130217","100205","CostCenter","SubCostCenter","9002513","11","toSubCostCenter","20160724","20160724"
"130223","100205","CostCenter","SubCostCenter","9002519","17","toSubCostCenter","20160724","20160724"
"130210","100205","CostCenter","SubCostCenter","9002524","4","toSubCostCenter","20160724","20160724"
"130211","100205","CostCenter","SubCostCenter","9002523","5","toSubCostCenter","20160724","20160724"
"130218","100205","CostCenter","SubCostCenter","9002514","12","toSubCostCenter","20160724","20160724"
"130216","100205","CostCenter","SubCostCenter","9002512","10","toSubCostCenter","20160724","20160724"
"130220","100205","CostCenter","SubCostCenter","9002516","14","toSubCostCenter","20160724","20160724"
"130207","100205","CostCenter","SubCostCenter","9002510","1","toSubCostCenter","20160724","20160724"
"130215","100205","CostCenter","SubCostCenter","9002511","9","toSubCostCenter","20160724","20160724"
"130208","100205","CostCenter","SubCostCenter","9002526","2","toSubCostCenter","20160724","20160724"
"130214","100205","CostCenter","SubCostCenter","9002520","8","toSubCostCenter","20160724","20160724"
"130221","100205","CostCenter","SubCostCenter","9002517","15","toSubCostCenter","20160724","20160724"
"130212","100205","CostCenter","SubCostCenter","9002522","6","toSubCostCenter","20160724","20160724"
"130213","100205","CostCenter","SubCostCenter","9002521","7","toSubCostCenter","20160724","20160724"
"130219","100205","CostCenter","SubCostCenter","9002515","13","toSubCostCenter","20160724","20160724"
"130224","100208","CostCenter","SubCostCenter","9002529","1","toSubCostCenter","20160724","20160724"
"130225","100208","CostCenter","SubCostCenter","9002528","2","toSubCostCenter","20160724","20160724"
"130226","100208","CostCenter","SubCostCenter","9002527","3","toSubCostCenter","20160724","20160724"
"130229","100211","CostCenter","SubCostCenter","9002704","3","toSubCostCenter","20160724","20160724"
"130228","100211","CostCenter","SubCostCenter","9002706","2","toSubCostCenter","20160724","20160724"
"130227","100211","CostCenter","SubCostCenter","9002705","1","toSubCostCenter","20160724","20160724"
"130230","100214","CostCenter","SubCostCenter","9002530","1","toSubCostCenter","20160724","20160724"
"130231","100217","CostCenter","SubCostCenter","9002568","1","toSubCostCenter","20160724","20160724"
"130238","100220","CostCenter","SubCostCenter","9002741","7","toSubCostCenter","20160724","20160724"
"130234","100220","CostCenter","SubCostCenter","9002748","3","toSubCostCenter","20160724","20160724"
"130237","100220","CostCenter","SubCostCenter","9002743","6","toSubCostCenter","20160724","20160724"
"130239","100220","CostCenter","SubCostCenter","9002740","8","toSubCostCenter","20160724","20160724"
"130236","100220","CostCenter","SubCostCenter","9002744","5","toSubCostCenter","20160724","20160724"
"130241","100220","CostCenter","SubCostCenter","9002742","10","toSubCostCenter","20160724","20160724"
"130235","100220","CostCenter","SubCostCenter","9002745","4","toSubCostCenter","20160724","20160724"
"130232","100220","CostCenter","SubCostCenter","9002746","1","toSubCostCenter","20160724","20160724"
"130233","100220","CostCenter","SubCostCenter","9002747","2","toSubCostCenter","20160724","20160724"
"130240","100220","CostCenter","SubCostCenter","9002739","9","toSubCostCenter","20160724","20160724"
"130242","100223","CostCenter","SubCostCenter","9002778","1","toSubCostCenter","20160724","20160724"
"130243","100223","CostCenter","SubCostCenter","9002779","2","toSubCostCenter","20160724","20160724"
"130246","100226","CostCenter","SubCostCenter","9002850","3","toSubCostCenter","20160724","20160724"
"130245","100226","CostCenter","SubCostCenter","9002849","2","toSubCostCenter","20160724","20160724"
"130247","100226","CostCenter","SubCostCenter","9002851","4","toSubCostCenter","20160724","20160724"
"130244","100226","CostCenter","SubCostCenter","9002848","1","toSubCostCenter","20160724","20160724"
"130248","100229","CostCenter","SubCostCenter","9002654","1","toSubCostCenter","20160724","20160724"
"130251","100229","CostCenter","SubCostCenter","9002652","4","toSubCostCenter","20160724","20160724"
"130252","100229","CostCenter","SubCostCenter","9002651","5","toSubCostCenter","20160724","20160724"
"130250","100229","CostCenter","SubCostCenter","9002653","3","toSubCostCenter","20160724","20160724"
"130249","100229","CostCenter","SubCostCenter","9002650","2","toSubCostCenter","20160724","20160724"
"130253","100232","CostCenter","SubCostCenter","9002655","1","toSubCostCenter","20160724","20160724"
"130254","100235","CostCenter","SubCostCenter","9002646","1","toSubCostCenter","20160724","20160724"
"130256","100238","CostCenter","SubCostCenter","9002648","2","toSubCostCenter","20160724","20160724"
"130255","100238","CostCenter","SubCostCenter","9002649","1","toSubCostCenter","20160724","20160724"
"130257","100238","CostCenter","SubCostCenter","9002647","3","toSubCostCenter","20160724","20160724"
"130258","100241","CostCenter","SubCostCenter","9002664","0","toSubCostCenter","20160724","20161110"
"130262","100244","CostCenter","SubCostCenter","9002656","3","toSubCostCenter","20160724","20161119"
"130261","100244","CostCenter","SubCostCenter","9002657","2","toSubCostCenter","20160724","20161119"
"130260","100244","CostCenter","SubCostCenter","9002659","1","toSubCostCenter","20160724","20161119"
"130259","100244","CostCenter","SubCostCenter","9002658","0","toSubCostCenter","20160724","20161119"
"130266","100247","CostCenter","SubCostCenter","9002660","4","toSubCostCenter","20160724","20160724"
"130264","100247","CostCenter","SubCostCenter","9002662","2","toSubCostCenter","20160724","20160724"
"130265","100247","CostCenter","SubCostCenter","9002661","3","toSubCostCenter","20160724","20160724"
"130263","100247","CostCenter","SubCostCenter","9002663","1","toSubCostCenter","20160724","20160724"
"130267","100250","CostCenter","SubCostCenter","9002807","1","toSubCostCenter","20160724","20160724"
"130269","100253","CostCenter","SubCostCenter","9002758","2","toSubCostCenter","20160724","20160724"
"130268","100253","CostCenter","SubCostCenter","9002757","1","toSubCostCenter","20160724","20160724"
"130270","100256","CostCenter","SubCostCenter","9002707","1","toSubCostCenter","20160724","20160724"
"130276","100259","CostCenter","SubCostCenter","9002670","6","toSubCostCenter","20160724","20160724"
"130272","100259","CostCenter","SubCostCenter","9002666","2","toSubCostCenter","20160724","20160724"
"130273","100259","CostCenter","SubCostCenter","9002667","3","toSubCostCenter","20160724","20160724"
"130275","100259","CostCenter","SubCostCenter","9002669","5","toSubCostCenter","20160724","20160724"
"130271","100259","CostCenter","SubCostCenter","9002665","1","toSubCostCenter","20160724","20160724"
"130274","100259","CostCenter","SubCostCenter","9002668","4","toSubCostCenter","20160724","20160724"
"130277","100262","CostCenter","SubCostCenter","9002759","1","toSubCostCenter","20160724","20160724"
"130278","100262","CostCenter","SubCostCenter","9002760","2","toSubCostCenter","20160724","20160724"
"130279","100265","CostCenter","SubCostCenter","9002578","1","toSubCostCenter","20160724","20160724"
"130280","100268","CostCenter","SubCostCenter","9002674","1","toSubCostCenter","20160724","20160724"
"130283","100268","CostCenter","SubCostCenter","9002676","4","toSubCostCenter","20160724","20160724"
"130281","100268","CostCenter","SubCostCenter","9002675","2","toSubCostCenter","20160724","20160724"
"130282","100268","CostCenter","SubCostCenter","9002673","3","toSubCostCenter","20160724","20160724"
"130284","100268","CostCenter","SubCostCenter","9002672","5","toSubCostCenter","20160724","20160724"
"130285","100271","CostCenter","SubCostCenter","9002671","1","toSubCostCenter","20160724","20160724"
"130286","100274","CostCenter","SubCostCenter","9002597","1","toSubCostCenter","20160724","20160724"
"130287","100277","CostCenter","SubCostCenter","9002598","1","toSubCostCenter","20160724","20160724"
"130288","100280","CostCenter","SubCostCenter","9002599","1","toSubCostCenter","20160724","20160724"
"130291","100280","CostCenter","SubCostCenter","9002602","4","toSubCostCenter","20160724","20160724"
"130290","100280","CostCenter","SubCostCenter","9002601","3","toSubCostCenter","20160724","20160724"
"130289","100280","CostCenter","SubCostCenter","9002600","2","toSubCostCenter","20160724","20160724"
"130293","100283","CostCenter","SubCostCenter","9002858","1","toSubCostCenter","20160724","20161119"
"130292","100283","CostCenter","SubCostCenter","9002857","0","toSubCostCenter","20160724","20161119"
"130302","100286","CostCenter","SubCostCenter","9002830","9","toSubCostCenter","20160724","20160724"
"130307","100286","CostCenter","SubCostCenter","9002835","14","toSubCostCenter","20160724","20160724"
"130294","100286","CostCenter","SubCostCenter","9002827","1","toSubCostCenter","20160724","20160724"
"130297","100286","CostCenter","SubCostCenter","9002823","4","toSubCostCenter","20160724","20160724"
"130303","100286","CostCenter","SubCostCenter","9002831","10","toSubCostCenter","20160724","20160724"
"130306","100286","CostCenter","SubCostCenter","9002834","13","toSubCostCenter","20160724","20160724"
"130314","100286","CostCenter","SubCostCenter","9002842","21","toSubCostCenter","20160724","20160724"
"130300","100286","CostCenter","SubCostCenter","9002826","7","toSubCostCenter","20160724","20160724"
"130313","100286","CostCenter","SubCostCenter","9002841","20","toSubCostCenter","20160724","20160724"
"130304","100286","CostCenter","SubCostCenter","9002832","11","toSubCostCenter","20160724","20160724"
"130308","100286","CostCenter","SubCostCenter","9002836","15","toSubCostCenter","20160724","20160724"
"130310","100286","CostCenter","SubCostCenter","9002838","17","toSubCostCenter","20160724","20160724"
"130301","100286","CostCenter","SubCostCenter","9002829","8","toSubCostCenter","20160724","20160724"
"130319","100286","CostCenter","SubCostCenter","9002828","26","toSubCostCenter","20160724","20160724"
"130299","100286","CostCenter","SubCostCenter","9002825","6","toSubCostCenter","20160724","20160724"
"130295","100286","CostCenter","SubCostCenter","9002821","2","toSubCostCenter","20160724","20160724"
"130312","100286","CostCenter","SubCostCenter","9002840","19","toSubCostCenter","20160724","20160724"
"130317","100286","CostCenter","SubCostCenter","9002845","24","toSubCostCenter","20160724","20160724"
"130298","100286","CostCenter","SubCostCenter","9002824","5","toSubCostCenter","20160724","20160724"
"130315","100286","CostCenter","SubCostCenter","9002843","22","toSubCostCenter","20160724","20160724"
"130305","100286","CostCenter","SubCostCenter","9002833","12","toSubCostCenter","20160724","20160724"
"130309","100286","CostCenter","SubCostCenter","9002837","16","toSubCostCenter","20160724","20160724"
"130316","100286","CostCenter","SubCostCenter","9002844","23","toSubCostCenter","20160724","20160724"
"130296","100286","CostCenter","SubCostCenter","9002822","3","toSubCostCenter","20160724","20160724"
"130318","100286","CostCenter","SubCostCenter","9002846","25","toSubCostCenter","20160724","20160724"
"130311","100286","CostCenter","SubCostCenter","9002839","18","toSubCostCenter","20160724","20160724"
"130320","100289","CostCenter","SubCostCenter","9002847","1","toSubCostCenter","20160724","20160724"
"130321","100292","CostCenter","SubCostCenter","9002856","1","toSubCostCenter","20160724","20160724"
"130322","100295","CostCenter","SubCostCenter","9002855","1","toSubCostCenter","20160724","20160724"
"130323","100298","CostCenter","SubCostCenter","9002567","1","toSubCostCenter","20160724","20160724"
"130324","100301","CostCenter","SubCostCenter","9002710","1","toSubCostCenter","20160724","20160724"
"130325","100301","CostCenter","SubCostCenter","9002709","2","toSubCostCenter","20160724","20160724"
"130326","100301","CostCenter","SubCostCenter","9002708","3","toSubCostCenter","20160724","20160724"
"130327","100304","CostCenter","SubCostCenter","9002761","1","toSubCostCenter","20160724","20160724"
"130328","100307","CostCenter","SubCostCenter","9002789","1","toSubCostCenter","20160724","20160724"
"130329","100310","CostCenter","SubCostCenter","9002859","1","toSubCostCenter","20160724","20160724"
"130330","100313","CostCenter","SubCostCenter","9002610","1","toSubCostCenter","20160724","20160724"
"130332","100316","CostCenter","SubCostCenter","9002606","2","toSubCostCenter","20160724","20161221"
"130333","100316","CostCenter","SubCostCenter","9002607","3","toSubCostCenter","20160724","20161221"
"130331","100316","CostCenter","SubCostCenter","9002605","1","toSubCostCenter","20160724","20161221"
"130334","100319","CostCenter","SubCostCenter","9002603","1","toSubCostCenter","20160724","20160724"
"130335","100319","CostCenter","SubCostCenter","9002604","2","toSubCostCenter","20160724","20160724"
"130336","100322","CostCenter","SubCostCenter","9002609","1","toSubCostCenter","20160724","20160724"
"130338","100325","CostCenter","SubCostCenter","9002587","1","toSubCostCenter","20160724","20161110"
"130337","100325","CostCenter","SubCostCenter","9002586","0","toSubCostCenter","20160724","20161110"
"130339","100328","CostCenter","SubCostCenter","9002585","1","toSubCostCenter","20160724","20160724"
"130340","100331","CostCenter","SubCostCenter","9002583","1","toSubCostCenter","20160724","20160724"
"130341","100331","CostCenter","SubCostCenter","9002584","2","toSubCostCenter","20160724","20160724"
"130344","100334","CostCenter","SubCostCenter","9002581","3","toSubCostCenter","20160724","20160724"
"130345","100334","CostCenter","SubCostCenter","9002582","4","toSubCostCenter","20160724","20160724"
"130343","100334","CostCenter","SubCostCenter","9002580","2","toSubCostCenter","20160724","20160724"
"130342","100334","CostCenter","SubCostCenter","9002579","1","toSubCostCenter","20160724","20160724"
"560001","630001","CostCenter","SubCostCenter","32500004","1","toSubCostCenter","20160825","20161221"
"1480001","1660002","CostCenter","SubCostCenter","83500001","0","toSubCostCenter","20161110","20161110"
"1480002","100241","CostCenter","SubCostCenter","83500001","1","toSubCostCenter","20161110","20161110"
"1480003","1660006","CostCenter","SubCostCenter","83500005","0","toSubCostCenter","20161110","20161110"
"1480004","1660011","CostCenter","SubCostCenter","83500009","1","toSubCostCenter","20161110","20161221"
"1480005","100316","CostCenter","SubCostCenter","83500013","4","toSubCostCenter","20161110","20161221"
"1480006","100325","CostCenter","SubCostCenter","83500014","2","toSubCostCenter","20161110","20161110"
"1480007","100166","CostCenter","SubCostCenter","83500015","4","toSubCostCenter","20161110","20161221"
"1490001","1670002","CostCenter","SubCostCenter","84000001","0","toSubCostCenter","20161111","20161111"
"1490002","100043","CostCenter","SubCostCenter","84000005","5","toSubCostCenter","20161111","20161111"
"1750031","100244","CostCenter","SubCostCenter","101500439","4","toSubCostCenter","20161119","20161119"
"1750032","100151","CostCenter","SubCostCenter","101500440","2","toSubCostCenter","20161119","20161221"
"1750033","100283","CostCenter","SubCostCenter","101500441","2","toSubCostCenter","20161119","20161119"
"1750034","100106","CostCenter","SubCostCenter","101500442","2","toSubCostCenter","20161119","20161119"
"2100531","2360541","CostCenter","SubCostCenter","123000540","0","toSubCostCenter","20161203","20161203"
"4400001","22210002","CostCenter","SubCostCenter","154500001","1","toSubCostCenter","20161214","20161214"
"4901009","100160","CostCenter","SubCostCenter","160001015","2","toSubCostCenter","20161216","20161216"
"4901010","22761012","CostCenter","SubCostCenter","160001016","1","toSubCostCenter","20161216","20161216"
"5952502","100298","CostCenter","SubCostCenter","172002542","2","toSubCostCenter","20161221","20161221"
"5952503","23962505","CostCenter","SubCostCenter","172002543","1","toSubCostCenter","20161221","20161221"
"5952504","100316","CostCenter","SubCostCenter","172002547","5","toSubCostCenter","20161221","20161221"
"5952505","100313","CostCenter","SubCostCenter","172002549","2","toSubCostCenter","20161221","20161221"
"5952506","100151","CostCenter","SubCostCenter","172002550","3","toSubCostCenter","20161221","20161221"
"5952507","23962513","CostCenter","SubCostCenter","172002551","1","toSubCostCenter","20161221","20161221"
"5952508","100166","CostCenter","SubCostCenter","172002555","5","toSubCostCenter","20161221","20161221"
"5952509","100010","CostCenter","SubCostCenter","172002556","2","toSubCostCenter","20161221","20161221"
"5952510","100235","CostCenter","SubCostCenter","172002557","2","toSubCostCenter","20161221","20161221"
"5952511","1660011","CostCenter","SubCostCenter","172002558","2","toSubCostCenter","20161221","20161221"
"5952512","630001","CostCenter","SubCostCenter","172002559","2","toSubCostCenter","20161221","20161221"
"5952513","23962522","CostCenter","SubCostCenter","172002560","1","toSubCostCenter","20161221","20161221"
"5952514","23962526","CostCenter","SubCostCenter","172002564","1","toSubCostCenter","20161221","20161221"
"5952515","100286","CostCenter","SubCostCenter","172002568","27","toSubCostCenter","20161221","20161221"
"5952516","100295","CostCenter","SubCostCenter","172002569","2","toSubCostCenter","20161221","20161221"
"6201015","24161032","CostCenter","SubCostCenter","175001017","1","toSubCostCenter","20161222","20161222"
"6201016","24161029","CostCenter","SubCostCenter","175001016","1","toSubCostCenter","20161222","20161222"
"10250001","28460006","CostCenter","SubCostCenter","216000002","1","toSubCostCenter","20170113","20170113"
"10250002","28460009","CostCenter","SubCostCenter","216000003","1","toSubCostCenter","20170113","20170113"
"10250003","28460012","CostCenter","SubCostCenter","216000004","1","toSubCostCenter","20170113","20170113"
"10250004","28460015","CostCenter","SubCostCenter","216000005","1","toSubCostCenter","20170113","20170113"
"80678","90504","Function","DeptGroup","8008538","6","department","20160724","20160724"
"80700","90504","Function","DeptGroup","8008561","28","department","20160724","20160724"
"80696","90504","Function","DeptGroup","8008557","24","department","20160724","20160724"
"80695","90504","Function","DeptGroup","8008556","23","department","20160724","20160724"
"80673","90504","Function","DeptGroup","8008532","1","department","20160724","20160724"
"80689","90504","Function","DeptGroup","8008550","17","department","20160724","20160724"
"80677","90504","Function","DeptGroup","8008537","5","department","20160724","20160724"
"80680","90504","Function","DeptGroup","8008540","8","department","20160724","20160724"
"80703","90504","Function","DeptGroup","8008542","31","department","20160724","20160724"
"80679","90504","Function","DeptGroup","8008539","7","department","20160724","20160724"
"80699","90504","Function","DeptGroup","8008560","27","department","20160724","20160724"
"80683","90504","Function","DeptGroup","8008544","11","department","20160724","20160724"
"80681","90504","Function","DeptGroup","8008541","9","department","20160724","20160724"
"80697","90504","Function","DeptGroup","8008558","25","department","20160724","20160724"
"80698","90504","Function","DeptGroup","8008559","26","department","20160724","20160724"
"80702","90504","Function","DeptGroup","8008534","30","department","20160724","20160724"
"80691","90504","Function","DeptGroup","8008552","19","department","20160724","20160724"
"80693","90504","Function","DeptGroup","8008554","21","department","20160724","20160724"
"80682","90504","Function","DeptGroup","8008543","10","department","20160724","20160724"
"80701","90504","Function","DeptGroup","8008562","29","department","20160724","20160724"
"80684","90504","Function","DeptGroup","8008545","12","department","20160724","20160724"
"80674","90504","Function","DeptGroup","8008533","2","department","20160724","20160724"
"80687","90504","Function","DeptGroup","8008548","15","department","20160724","20160724"
"80688","90504","Function","DeptGroup","8008549","16","department","20160724","20160724"
"80694","90504","Function","DeptGroup","8008555","22","department","20160724","20160724"
"80692","90504","Function","DeptGroup","8008553","20","department","20160724","20160724"
"80686","90504","Function","DeptGroup","8008547","14","department","20160724","20160724"
"80676","90504","Function","DeptGroup","8008536","4","department","20160724","20160724"
"80675","90504","Function","DeptGroup","8008535","3","department","20160724","20160724"
"80690","90504","Function","DeptGroup","8008551","18","department","20160724","20160724"
"80685","90504","Function","DeptGroup","8008546","13","department","20160724","20160724"
"80704","90505","Function","DeptGroup","8008613","1","department","20160724","20160724"
"80705","90506","Function","DeptGroup","8008593","1","department","20160724","20160724"
"80706","90506","Function","DeptGroup","8008594","2","department","20160724","20160724"
"80707","90507","Function","DeptGroup","8008516","1","department","20160724","20160724"
"80708","90507","Function","DeptGroup","8008517","2","department","20160724","20160724"
"80716","90508","Function","DeptGroup","8008585","8","department","20160724","20160724"
"80711","90508","Function","DeptGroup","8008588","3","department","20160724","20160724"
"80713","90508","Function","DeptGroup","8008590","5","department","20160724","20160724"
"80709","90508","Function","DeptGroup","8008586","1","department","20160724","20160724"
"80715","90508","Function","DeptGroup","8008592","7","department","20160724","20160724"
"80710","90508","Function","DeptGroup","8008587","2","department","20160724","20160724"
"80712","90508","Function","DeptGroup","8008589","4","department","20160724","20160724"
"80714","90508","Function","DeptGroup","8008591","6","department","20160724","20160724"
"80719","90509","Function","DeptGroup","8008513","3","department","20160724","20160724"
"80717","90509","Function","DeptGroup","8008510","1","department","20160724","20160724"
"80718","90509","Function","DeptGroup","8008511","2","department","20160724","20160724"
"80720","90509","Function","DeptGroup","8008512","4","department","20160724","20160724"
"80721","90510","Function","DeptGroup","8008520","1","department","20160724","20160724"
"80725","90511","Function","DeptGroup","8008609","4","department","20160724","20160724"
"80726","90511","Function","DeptGroup","8008610","5","department","20160724","20160724"
"80723","90511","Function","DeptGroup","8008607","2","department","20160724","20160724"
"80724","90511","Function","DeptGroup","8008608","3","department","20160724","20160724"
"80722","90511","Function","DeptGroup","8008606","1","department","20160724","20160724"
"80727","90512","Function","DeptGroup","8008640","1","department","20160724","20160724"
"80730","90512","Function","DeptGroup","8008643","4","department","20160724","20160724"
"80729","90512","Function","DeptGroup","8008642","3","department","20160724","20160724"
"80728","90512","Function","DeptGroup","8008641","2","department","20160724","20160724"
"80732","90513","Function","DeptGroup","8008519","2","department","20160724","20160724"
"80731","90513","Function","DeptGroup","8008518","1","department","20160724","20160724"
"80734","90514","Function","DeptGroup","8008647","2","department","20160724","20160724"
"80735","90514","Function","DeptGroup","8008648","3","department","20160724","20160724"
"80736","90514","Function","DeptGroup","8008646","4","department","20160724","20160724"
"80733","90514","Function","DeptGroup","8008645","1","department","20160724","20160724"
"80739","90515","Function","DeptGroup","8008578","3","department","20160724","20160724"
"80737","90515","Function","DeptGroup","8008576","1","department","20160724","20160724"
"80740","90515","Function","DeptGroup","8008579","4","department","20160724","20160724"
"80738","90515","Function","DeptGroup","8008577","2","department","20160724","20160724"
"80741","90516","Function","DeptGroup","8008599","1","department","20160724","20160724"
"80742","90516","Function","DeptGroup","8008600","2","department","20160724","20160724"
"80743","90517","Function","DeptGroup","8008644","1","department","20160724","20160724"
"80745","90518","Function","DeptGroup","8008515","2","department","20160724","20160724"
"80744","90518","Function","DeptGroup","8008514","1","department","20160724","20160724"
"80746","90519","Function","DeptGroup","8008575","1","department","20160724","20160724"
"80748","90520","Function","DeptGroup","8008529","2","department","20160724","20160724"
"80750","90520","Function","DeptGroup","8008531","4","department","20160724","20160724"
"80747","90520","Function","DeptGroup","8008528","1","department","20160724","20160724"
"80749","90520","Function","DeptGroup","8008530","3","department","20160724","20160724"
"80751","90521","Function","DeptGroup","8008611","1","department","20160724","20160724"
"80755","90522","Function","DeptGroup","8008636","4","department","20160724","20160724"
"80757","90522","Function","DeptGroup","8008638","6","department","20160724","20160724"
"80753","90522","Function","DeptGroup","8008634","2","department","20160724","20160724"
"80756","90522","Function","DeptGroup","8008637","5","department","20160724","20160724"
"80754","90522","Function","DeptGroup","8008635","3","department","20160724","20160724"
"80758","90522","Function","DeptGroup","8008639","7","department","20160724","20160724"
"80752","90522","Function","DeptGroup","8008633","1","department","20160724","20160724"
"80759","90524","Function","DeptGroup","8008509","1","department","20160724","20160724"
"80760","90525","Function","DeptGroup","8008652","1","department","20160724","20160724"
"80763","90526","Function","DeptGroup","8008632","3","department","20160724","20160724"
"80762","90526","Function","DeptGroup","8008631","2","department","20160724","20160724"
"80761","90526","Function","DeptGroup","8008630","1","department","20160724","20160724"
"80770","90527","Function","DeptGroup","8008526","7","department","20160724","20160724"
"80769","90527","Function","DeptGroup","8008527","6","department","20160724","20160724"
"80765","90527","Function","DeptGroup","8008521","2","department","20160724","20160724"
"80768","90527","Function","DeptGroup","8008525","5","department","20160724","20160724"
"80764","90527","Function","DeptGroup","8008522","1","department","20160724","20160724"
"80766","90527","Function","DeptGroup","8008523","3","department","20160724","20160724"
"80767","90527","Function","DeptGroup","8008524","4","department","20160724","20160724"
"80778","90528","Function","DeptGroup","8008508","8","department","20160724","20160724"
"80771","90528","Function","DeptGroup","8008501","1","department","20160724","20160724"
"80775","90528","Function","DeptGroup","8008505","5","department","20160724","20160724"
"80773","90528","Function","DeptGroup","8008503","3","department","20160724","20160724"
"80777","90528","Function","DeptGroup","8008507","7","department","20160724","20160724"
"80774","90528","Function","DeptGroup","8008504","4","department","20160724","20160724"
"80772","90528","Function","DeptGroup","8008502","2","department","20160724","20160724"
"80776","90528","Function","DeptGroup","8008506","6","department","20160724","20160724"
"80782","90529","Function","DeptGroup","8008625","4","department","20160724","20160724"
"80781","90529","Function","DeptGroup","8008623","3","department","20160724","20160724"
"80780","90529","Function","DeptGroup","8008622","2","department","20160724","20160724"
"80779","90529","Function","DeptGroup","8008621","1","department","20160724","20160724"
"80783","90529","Function","DeptGroup","8008624","5","department","20160724","20160724"
"80785","90530","Function","DeptGroup","8008627","2","department","20160724","20160724"
"80787","90530","Function","DeptGroup","8008629","4","department","20160724","20160724"
"80784","90530","Function","DeptGroup","8008626","1","department","20160724","20160724"
"80786","90530","Function","DeptGroup","8008628","3","department","20160724","20160724"
"80788","90531","Function","DeptGroup","8008619","1","department","20160724","20160724"
"80789","90532","Function","DeptGroup","8008620","1","department","20160724","20160724"
"80793","90533","Function","DeptGroup","8008617","4","department","20160724","20160724"
"80794","90533","Function","DeptGroup","8008618","5","department","20160724","20160724"
"80790","90533","Function","DeptGroup","8008614","1","department","20160724","20160724"
"80791","90533","Function","DeptGroup","8008615","2","department","20160724","20160724"
"80792","90533","Function","DeptGroup","8008616","3","department","20160724","20160724"
"80799","90534","Function","DeptGroup","8008584","5","department","20160724","20160724"
"80798","90534","Function","DeptGroup","8008583","4","department","20160724","20160724"
"80797","90534","Function","DeptGroup","8008582","3","department","20160724","20160724"
"80796","90534","Function","DeptGroup","8008581","2","department","20160724","20160724"
"80795","90534","Function","DeptGroup","8008580","1","department","20160724","20160724"
"80804","90535","Function","DeptGroup","8008570","5","department","20160724","20160724"
"80806","90535","Function","DeptGroup","8008572","7","department","20160724","20160724"
"80808","90535","Function","DeptGroup","8008574","9","department","20160724","20160724"
"80805","90535","Function","DeptGroup","8008571","6","department","20160724","20160724"
"80802","90535","Function","DeptGroup","8008565","3","department","20160724","20160724"
"80810","90535","Function","DeptGroup","8008569","11","department","20160724","20160724"
"80809","90535","Function","DeptGroup","8008567","10","department","20160724","20160724"
"80800","90535","Function","DeptGroup","8008563","1","department","20160724","20160724"
"80801","90535","Function","DeptGroup","8008564","2","department","20160724","20160724"
"80811","90535","Function","DeptGroup","8008568","12","department","20160724","20160724"
"80803","90535","Function","DeptGroup","8008566","4","department","20160724","20160724"
"80807","90535","Function","DeptGroup","8008573","8","department","20160724","20160724"
"80813","90536","Function","DeptGroup","8008650","2","department","20160724","20160724"
"80814","90536","Function","DeptGroup","8008651","3","department","20160724","20160724"
"80812","90536","Function","DeptGroup","8008649","1","department","20160724","20160724"
"80815","90537","Function","DeptGroup","8008601","1","department","20160724","20160724"
"80817","90538","Function","DeptGroup","8008598","2","department","20160724","20160724"
"80818","90538","Function","DeptGroup","8008596","3","department","20160724","20160724"
"80819","90538","Function","DeptGroup","8008597","4","department","20160724","20160724"
"80816","90538","Function","DeptGroup","8008595","1","department","20160724","20160724"
"80821","90539","Function","DeptGroup","8008603","2","department","20160724","20160724"
"80822","90539","Function","DeptGroup","8008604","3","department","20160724","20160724"
"80820","90539","Function","DeptGroup","8008602","1","department","20160724","20160724"
"80823","90539","Function","DeptGroup","8008605","4","department","20160724","20160724"
"80824","90540","Function","DeptGroup","8008612","1","department","20160724","20160724"
"1030001","90535","Function","DeptGroup","57500004","13","department","20161006","20161006"
"2031623","90523","Function","DeptGroup","118000660","1","department","20161202","20161202"
"2031624","90523","Function","DeptGroup","118000664","2","department","20161202","20161202"
"2031625","90507","Function","DeptGroup","118000665","3","department","20161202","20161202"
"2130037","2390052","Function","DeptGroup","124500053","1","department","20161203","20161203"
"2130038","90523","Function","DeptGroup","124500054","3","department","20161203","20161203"
"2010005","90523","Function","DeptGroup","116500010","4","department","20161203","20161203"
"4303503","22113001","Function","DeptGroup","153503002","1","department","20161214","20161214"
"6101010","90523","Function","DeptGroup","174001017","5","department","20161221","20161221"
"6101011","90523","Function","DeptGroup","174001021","6","department","20161221","20161221"
"7300001","90538","Function","DeptGroup","186500007","5","department","20161230","20161230"
"7300002","90523","Function","DeptGroup","186500008","7","department","20161230","20161230"
"20400501","38360507","Function","DeptGroup","260000508","1","department","20170129","20170129"
"23901516","42361520","Function","DeptGroup","264001521","1","department","20170201","20170201"
"23901517","42361522","Function","DeptGroup","264001523","1","department","20170201","20170201"
"23901518","42361527","Function","DeptGroup","264001528","1","department","20170201","20170201"
"23901519","42361532","Function","DeptGroup","264001533","1","department","20170201","20170201"
"20004","26641","PickList","PickListValue","1502018","4","values","20160721","20160721"
"20005","26641","PickList","PickListValue","1502023","5","values","20160721","20160721"
"20002","26641","PickList","PickListValue","1502022","2","values","20160721","20160721"
"20003","26641","PickList","PickListValue","1502024","3","values","20160721","20160721"
"20001","26641","PickList","PickListValue","1502020","1","values","20160721","20160721"
"20007","26641","PickList","PickListValue","1502021","7","values","20160721","20160721"
"20006","26641","PickList","PickListValue","1502019","6","values","20160721","20160721"
"20008","26642","PickList","PickListValue","1502025","1","values","20160721","20160721"
"20009","26642","PickList","PickListValue","1502028","2","values","20160721","20160721"
"20011","26642","PickList","PickListValue","1502027","4","values","20160721","20160721"
"20010","26642","PickList","PickListValue","1502026","3","values","20160721","20160721"
"20013","26643","PickList","PickListValue","1502032","2","values","20160721","20160721"
"20015","26643","PickList","PickListValue","1502029","4","values","20160721","20160721"
"20012","26643","PickList","PickListValue","1502030","1","values","20160721","20160721"
"20014","26643","PickList","PickListValue","1502031","3","values","20160721","20160721"
"20021","26644","PickList","PickListValue","1502006","6","values","20160721","20160721"
"20019","26644","PickList","PickListValue","1502004","4","values","20160721","20160721"
"20022","26644","PickList","PickListValue","1502007","7","values","20160721","20160721"
"20018","26644","PickList","PickListValue","1502003","3","values","20160721","20160721"
"20020","26644","PickList","PickListValue","1502005","5","values","20160721","20160721"
"20016","26644","PickList","PickListValue","1502001","1","values","20160721","20160721"
"20017","26644","PickList","PickListValue","1502002","2","values","20160721","20160721"
"20023","26645","PickList","PickListValue","1502036","1","values","20160721","20160721"
"20024","26645","PickList","PickListValue","1502035","2","values","20160721","20160721"
"20025","26646","PickList","PickListValue","1502033","1","values","20160721","20160721"
"20026","26646","PickList","PickListValue","1502034","2","values","20160721","20160721"
"20028","26647","PickList","PickListValue","1502014","2","values","20160721","20160721"
"20032","26647","PickList","PickListValue","1502012","6","values","20160721","20160721"
"20027","26647","PickList","PickListValue","1502013","1","values","20160721","20160721"
"20034","26647","PickList","PickListValue","1502011","8","values","20160721","20160721"
"20033","26647","PickList","PickListValue","1502010","7","values","20160721","20160721"
"20031","26647","PickList","PickListValue","1502017","5","values","20160721","20160721"
"20029","26647","PickList","PickListValue","1502016","3","values","20160721","20160721"
"20030","26647","PickList","PickListValue","1502015","4","values","20160721","20160721"
"20040","26648","PickList","PickListValue","1502042","6","values","20160721","20160721"
"20036","26648","PickList","PickListValue","1502043","2","values","20160721","20160721"
"20037","26648","PickList","PickListValue","1502044","3","values","20160721","20160721"
"20038","26648","PickList","PickListValue","1502041","4","values","20160721","20160721"
"20041","26648","PickList","PickListValue","1502039","7","values","20160721","20160721"
"20035","26648","PickList","PickListValue","1502045","1","values","20160721","20160721"
"20039","26648","PickList","PickListValue","1502038","5","values","20160721","20160721"
"20043","26648","PickList","PickListValue","1502037","9","values","20160721","20160721"
"20042","26648","PickList","PickListValue","1502040","8","values","20160721","20160721"
"20044","26649","PickList","PickListValue","1502008","1","values","20160721","20160721"
"20045","26649","PickList","PickListValue","1502009","2","values","20160721","20160721"
"40501","50501","PickList","PickListValue","3000502","1","values","20160721","20160721"
"40502","50501","PickList","PickListValue","3000504","2","values","20160721","20160721"
"40503","50501","PickList","PickListValue","3000506","3","values","20160721","20160721"
"40504","50501","PickList","PickListValue","3000508","4","values","20160721","20160721"
"40505","50501","PickList","PickListValue","3000510","5","values","20160721","20160721"
"40506","50501","PickList","PickListValue","3000512","6","values","20160721","20160721"
"40507","50501","PickList","PickListValue","3000514","7","values","20160721","20160721"
"40508","50501","PickList","PickListValue","3000516","8","values","20160721","20160721"
"40509","50501","PickList","PickListValue","3000518","9","values","20160721","20160721"
"40510","50501","PickList","PickListValue","3000520","10","values","20160721","20160721"
"40511","50501","PickList","PickListValue","3000522","11","values","20160721","20160721"
"40512","50501","PickList","PickListValue","3000524","12","values","20160721","20160721"
"40513","50501","PickList","PickListValue","3000526","13","values","20160721","20160721"
"40514","50501","PickList","PickListValue","3000528","14","values","20160721","20160721"
"40515","50501","PickList","PickListValue","3000530","15","values","20160721","20160721"
"40516","50501","PickList","PickListValue","3000532","16","values","20160721","20160721"
"40517","50501","PickList","PickListValue","3000534","17","values","20160721","20160721"
"40518","50501","PickList","PickListValue","3000536","18","values","20160721","20160721"
"40519","50501","PickList","PickListValue","3000538","19","values","20160721","20160721"
"40520","50501","PickList","PickListValue","3000540","20","values","20160721","20160721"
"40521","50501","PickList","PickListValue","3000542","21","values","20160721","20160721"
"40522","50501","PickList","PickListValue","3000544","22","values","20160721","20160721"
"40523","50501","PickList","PickListValue","3000546","23","values","20160721","20160721"
"40524","50501","PickList","PickListValue","3000548","24","values","20160721","20160721"
"40525","50501","PickList","PickListValue","3000550","25","values","20160721","20160721"
"40526","50501","PickList","PickListValue","3000552","26","values","20160721","20160721"
"40527","50501","PickList","PickListValue","3000554","27","values","20160721","20160721"
"40528","50501","PickList","PickListValue","3000556","28","values","20160721","20160721"
"40529","50501","PickList","PickListValue","3000558","29","values","20160721","20160721"
"40530","50501","PickList","PickListValue","3000560","30","values","20160721","20160721"
"40531","50501","PickList","PickListValue","3000562","31","values","20160721","20160721"
"40532","50501","PickList","PickListValue","3000564","32","values","20160721","20160721"
"40533","50501","PickList","PickListValue","3000566","33","values","20160721","20160721"
"40534","50501","PickList","PickListValue","3000568","34","values","20160721","20160721"
"40535","50501","PickList","PickListValue","3000570","35","values","20160721","20160721"
"40536","50501","PickList","PickListValue","3000572","36","values","20160721","20160721"
"40537","50501","PickList","PickListValue","3000574","37","values","20160721","20160721"
"40538","50501","PickList","PickListValue","3000576","38","values","20160721","20160721"
"40539","50501","PickList","PickListValue","3000578","39","values","20160721","20160721"
"40540","50501","PickList","PickListValue","3000580","40","values","20160721","20160721"
"40541","50501","PickList","PickListValue","3000582","41","values","20160721","20160721"
"40542","50501","PickList","PickListValue","3000584","42","values","20160721","20160721"
"40543","50501","PickList","PickListValue","3000586","43","values","20160721","20160721"
"40544","50501","PickList","PickListValue","3000588","44","values","20160721","20160721"
"40545","50501","PickList","PickListValue","3000590","45","values","20160721","20160721"
"40546","50501","PickList","PickListValue","3000592","46","values","20160721","20160721"
"40547","50501","PickList","PickListValue","3000594","47","values","20160721","20160721"
"40548","50501","PickList","PickListValue","3000596","48","values","20160721","20160721"
"40549","50501","PickList","PickListValue","3000598","49","values","20160721","20160721"
"40550","50501","PickList","PickListValue","3000600","50","values","20160721","20160721"
"40551","50501","PickList","PickListValue","3000602","51","values","20160721","20160721"
"40552","50501","PickList","PickListValue","3000604","52","values","20160721","20160721"
"40553","50501","PickList","PickListValue","3000606","53","values","20160721","20160721"
"40554","50501","PickList","PickListValue","3000608","54","values","20160721","20160721"
"40555","50501","PickList","PickListValue","3000610","55","values","20160721","20160721"
"40556","50501","PickList","PickListValue","3000612","56","values","20160721","20160721"
"40557","50501","PickList","PickListValue","3000614","57","values","20160721","20160721"
"40558","50501","PickList","PickListValue","3000616","58","values","20160721","20160721"
"40559","50501","PickList","PickListValue","3000618","59","values","20160721","20160721"
"40560","50501","PickList","PickListValue","3000620","60","values","20160721","20160721"
"40561","50501","PickList","PickListValue","3000622","61","values","20160721","20160721"
"40562","50501","PickList","PickListValue","3000624","62","values","20160721","20160721"
"40563","50501","PickList","PickListValue","3000626","63","values","20160721","20160721"
"40564","50501","PickList","PickListValue","3000628","64","values","20160721","20160721"
"40565","50501","PickList","PickListValue","3000630","65","values","20160721","20160721"
"40566","50501","PickList","PickListValue","3000632","66","values","20160721","20160721"
"40567","50501","PickList","PickListValue","3000634","67","values","20160721","20160721"
"40568","50501","PickList","PickListValue","3000636","68","values","20160721","20160721"
"40569","50501","PickList","PickListValue","3000638","69","values","20160721","20160721"
"40570","50501","PickList","PickListValue","3000640","70","values","20160721","20160721"
"40571","50501","PickList","PickListValue","3000642","71","values","20160721","20160721"
"40572","50501","PickList","PickListValue","3000644","72","values","20160721","20160721"
"40573","50501","PickList","PickListValue","3000646","73","values","20160721","20160721"
"40574","50501","PickList","PickListValue","3000648","74","values","20160721","20160721"
"40575","50501","PickList","PickListValue","3000650","75","values","20160721","20160721"
"40576","50501","PickList","PickListValue","3000652","76","values","20160721","20160721"
"40577","50501","PickList","PickListValue","3000654","77","values","20160721","20160721"
"40578","50501","PickList","PickListValue","3000656","78","values","20160721","20160721"
"40579","50501","PickList","PickListValue","3000658","79","values","20160721","20160721"
"40580","50501","PickList","PickListValue","3000660","80","values","20160721","20160721"
"40581","50501","PickList","PickListValue","3000662","81","values","20160721","20160721"
"40582","50501","PickList","PickListValue","3000664","82","values","20160721","20160721"
"40583","50501","PickList","PickListValue","3000666","83","values","20160721","20160721"
"40584","50501","PickList","PickListValue","3000668","84","values","20160721","20160721"
"40585","50501","PickList","PickListValue","3000670","85","values","20160721","20160721"
"40586","50501","PickList","PickListValue","3000672","86","values","20160721","20160721"
"40587","50501","PickList","PickListValue","3000674","87","values","20160721","20160721"
"40588","50501","PickList","PickListValue","3000676","88","values","20160721","20160721"
"40589","50501","PickList","PickListValue","3000678","89","values","20160721","20160721"
"40590","50501","PickList","PickListValue","3000680","90","values","20160721","20160721"
"40591","50501","PickList","PickListValue","3000682","91","values","20160721","20160721"
"40592","50501","PickList","PickListValue","3000684","92","values","20160721","20160721"
"40593","50501","PickList","PickListValue","3000686","93","values","20160721","20160721"
"40594","50501","PickList","PickListValue","3000688","94","values","20160721","20160721"
"40595","50501","PickList","PickListValue","3000690","95","values","20160721","20160721"
"40596","50501","PickList","PickListValue","3000692","96","values","20160721","20160721"
"40597","50501","PickList","PickListValue","3000694","97","values","20160721","20160721"
"40598","50501","PickList","PickListValue","3000696","98","values","20160721","20160721"
"40599","50501","PickList","PickListValue","3000698","99","values","20160721","20160721"
"40600","50501","PickList","PickListValue","3000700","100","values","20160721","20160721"
"40601","50501","PickList","PickListValue","3000702","101","values","20160721","20160721"
"40602","50501","PickList","PickListValue","3000704","102","values","20160721","20160721"
"40603","50501","PickList","PickListValue","3000706","103","values","20160721","20160721"
"40604","50501","PickList","PickListValue","3000708","104","values","20160721","20160721"
"40605","50501","PickList","PickListValue","3000710","105","values","20160721","20160721"
"40606","50501","PickList","PickListValue","3000712","106","values","20160721","20160721"
"40607","50501","PickList","PickListValue","3000714","107","values","20160721","20160721"
"40608","50501","PickList","PickListValue","3000716","108","values","20160721","20160721"
"40609","50501","PickList","PickListValue","3000718","109","values","20160721","20160721"
"40610","50501","PickList","PickListValue","3000720","110","values","20160721","20160721"
"40611","50501","PickList","PickListValue","3000722","111","values","20160721","20160721"
"40612","50501","PickList","PickListValue","3000724","112","values","20160721","20160721"
"40613","50501","PickList","PickListValue","3000726","113","values","20160721","20160721"
"40614","50501","PickList","PickListValue","3000728","114","values","20160721","20160721"
"40615","50501","PickList","PickListValue","3000730","115","values","20160721","20160721"
"40616","50501","PickList","PickListValue","3000732","116","values","20160721","20160721"
"40617","50501","PickList","PickListValue","3000734","117","values","20160721","20160721"
"40618","50501","PickList","PickListValue","3000736","118","values","20160721","20160721"
"40619","50501","PickList","PickListValue","3000738","119","values","20160721","20160721"
"40620","50501","PickList","PickListValue","3000740","120","values","20160721","20160721"
"40621","50501","PickList","PickListValue","3000742","121","values","20160721","20160721"
"40622","50501","PickList","PickListValue","3000744","122","values","20160721","20160721"
"40623","50501","PickList","PickListValue","3000746","123","values","20160721","20160721"
"40624","50501","PickList","PickListValue","3000748","124","values","20160721","20160721"
"40625","50501","PickList","PickListValue","3000750","125","values","20160721","20160721"
"40626","50501","PickList","PickListValue","3000752","126","values","20160721","20160721"
"40627","50501","PickList","PickListValue","3000754","127","values","20160721","20160721"
"40628","50501","PickList","PickListValue","3000756","128","values","20160721","20160721"
"40629","50501","PickList","PickListValue","3000758","129","values","20160721","20160721"
"40630","50501","PickList","PickListValue","3000760","130","values","20160721","20160721"
"40631","50501","PickList","PickListValue","3000762","131","values","20160721","20160721"
"40632","50501","PickList","PickListValue","3000764","132","values","20160721","20160721"
"40633","50501","PickList","PickListValue","3000766","133","values","20160721","20160721"
"40634","50501","PickList","PickListValue","3000768","134","values","20160721","20160721"
"40635","50501","PickList","PickListValue","3000770","135","values","20160721","20160721"
"40636","50501","PickList","PickListValue","3000772","136","values","20160721","20160721"
"40637","50501","PickList","PickListValue","3000774","137","values","20160721","20160721"
"40638","50501","PickList","PickListValue","3000776","138","values","20160721","20160721"
"40639","50501","PickList","PickListValue","3000778","139","values","20160721","20160721"
"40640","50501","PickList","PickListValue","3000780","140","values","20160721","20160721"
"40641","50501","PickList","PickListValue","3000782","141","values","20160721","20160721"
"40642","50501","PickList","PickListValue","3000784","142","values","20160721","20160721"
"40643","50501","PickList","PickListValue","3000786","143","values","20160721","20160721"
"40644","50501","PickList","PickListValue","3000788","144","values","20160721","20160721"
"40645","50501","PickList","PickListValue","3000790","145","values","20160721","20160721"
"40646","50501","PickList","PickListValue","3000792","146","values","20160721","20160721"
"40647","50501","PickList","PickListValue","3000794","147","values","20160721","20160721"
"40648","50501","PickList","PickListValue","3000796","148","values","20160721","20160721"
"40649","50501","PickList","PickListValue","3000798","149","values","20160721","20160721"
"40650","50501","PickList","PickListValue","3000800","150","values","20160721","20160721"
"40651","50501","PickList","PickListValue","3000802","151","values","20160721","20160721"
"40652","50501","PickList","PickListValue","3000804","152","values","20160721","20160721"
"40653","50501","PickList","PickListValue","3000806","153","values","20160721","20160721"
"40654","50501","PickList","PickListValue","3000808","154","values","20160721","20160721"
"40655","50501","PickList","PickListValue","3000810","155","values","20160721","20160721"
"40656","50501","PickList","PickListValue","3000812","156","values","20160721","20160721"
"40657","50501","PickList","PickListValue","3000814","157","values","20160721","20160721"
"40658","50501","PickList","PickListValue","3000816","158","values","20160721","20160721"
"40659","50501","PickList","PickListValue","3000818","159","values","20160721","20160721"
"40660","50501","PickList","PickListValue","3000820","160","values","20160721","20160721"
"40661","50501","PickList","PickListValue","3000822","161","values","20160721","20160721"
"40662","50501","PickList","PickListValue","3000824","162","values","20160721","20160721"
"40663","50501","PickList","PickListValue","3000826","163","values","20160721","20160721"
"40664","50501","PickList","PickListValue","3000828","164","values","20160721","20160721"
"40665","50501","PickList","PickListValue","3000830","165","values","20160721","20160721"
"40666","50501","PickList","PickListValue","3000832","166","values","20160721","20160721"
"40667","50501","PickList","PickListValue","3000834","167","values","20160721","20160721"
"40668","50501","PickList","PickListValue","3000836","168","values","20160721","20160721"
"40669","50501","PickList","PickListValue","3000838","169","values","20160721","20160721"
"40670","50501","PickList","PickListValue","3000840","170","values","20160721","20160721"
"40671","50501","PickList","PickListValue","3000842","171","values","20160721","20160721"
"40672","50501","PickList","PickListValue","3000844","172","values","20160721","20160721"
"40673","50501","PickList","PickListValue","3000846","173","values","20160721","20160721"
"40674","50501","PickList","PickListValue","3000848","174","values","20160721","20160721"
"40675","50501","PickList","PickListValue","3000850","175","values","20160721","20160721"
"40676","50501","PickList","PickListValue","3000852","176","values","20160721","20160721"
"40677","50501","PickList","PickListValue","3000854","177","values","20160721","20160721"
"40678","50501","PickList","PickListValue","3000856","178","values","20160721","20160721"
"40679","50501","PickList","PickListValue","3000858","179","values","20160721","20160721"
"40680","50501","PickList","PickListValue","3000860","180","values","20160721","20160721"
"40681","50501","PickList","PickListValue","3000862","181","values","20160721","20160721"
"40682","50501","PickList","PickListValue","3000864","182","values","20160721","20160721"
"40683","50501","PickList","PickListValue","3000866","183","values","20160721","20160721"
"40684","50501","PickList","PickListValue","3000868","184","values","20160721","20160721"
"40685","50501","PickList","PickListValue","3000870","185","values","20160721","20160721"
"40686","50501","PickList","PickListValue","3000872","186","values","20160721","20160721"
"40687","50501","PickList","PickListValue","3000874","187","values","20160721","20160721"
"40688","50501","PickList","PickListValue","3000876","188","values","20160721","20160721"
"40689","50501","PickList","PickListValue","3000878","189","values","20160721","20160721"
"40690","50501","PickList","PickListValue","3000880","190","values","20160721","20160721"
"40691","50501","PickList","PickListValue","3000882","191","values","20160721","20160721"
"40692","50501","PickList","PickListValue","3000884","192","values","20160721","20160721"
"40693","50501","PickList","PickListValue","3000886","193","values","20160721","20160721"
"40694","50501","PickList","PickListValue","3000888","194","values","20160721","20160721"
"40695","50501","PickList","PickListValue","3000890","195","values","20160721","20160721"
"40696","50501","PickList","PickListValue","3000892","196","values","20160721","20160721"
"40697","50501","PickList","PickListValue","3000894","197","values","20160721","20160721"
"40698","50501","PickList","PickListValue","3000896","198","values","20160721","20160721"
"40699","50501","PickList","PickListValue","3000898","199","values","20160721","20160721"
"40700","50501","PickList","PickListValue","3000900","200","values","20160721","20160721"
"40701","50501","PickList","PickListValue","3000902","201","values","20160721","20160721"
"40702","50501","PickList","PickListValue","3000904","202","values","20160721","20160721"
"40703","50501","PickList","PickListValue","3000906","203","values","20160721","20160721"
"40704","50501","PickList","PickListValue","3000908","204","values","20160721","20160721"
"40705","50501","PickList","PickListValue","3000910","205","values","20160721","20160721"
"40706","50501","PickList","PickListValue","3000912","206","values","20160721","20160721"
"40707","50501","PickList","PickListValue","3000914","207","values","20160721","20160721"
"40708","50501","PickList","PickListValue","3000916","208","values","20160721","20160721"
"40709","50501","PickList","PickListValue","3000918","209","values","20160721","20160721"
"40710","50501","PickList","PickListValue","3000920","210","values","20160721","20160721"
"40711","50501","PickList","PickListValue","3000922","211","values","20160721","20160721"
"40712","50501","PickList","PickListValue","3000924","212","values","20160721","20160721"
"40713","50501","PickList","PickListValue","3000926","213","values","20160721","20160721"
"40714","50501","PickList","PickListValue","3000928","214","values","20160721","20160721"
"40715","50501","PickList","PickListValue","3000930","215","values","20160721","20160721"
"40716","50501","PickList","PickListValue","3000932","216","values","20160721","20160721"
"40717","50501","PickList","PickListValue","3000934","217","values","20160721","20160721"
"40718","50501","PickList","PickListValue","3000936","218","values","20160721","20160721"
"40719","50501","PickList","PickListValue","3000938","219","values","20160721","20160721"
"40720","50501","PickList","PickListValue","3000940","220","values","20160721","20160721"
"40721","50501","PickList","PickListValue","3000942","221","values","20160721","20160721"
"40722","50501","PickList","PickListValue","3000944","222","values","20160721","20160721"
"40723","50501","PickList","PickListValue","3000946","223","values","20160721","20160721"
"40724","50501","PickList","PickListValue","3000948","224","values","20160721","20160721"
"40725","50501","PickList","PickListValue","3000950","225","values","20160721","20160721"
"40726","50501","PickList","PickListValue","3000952","226","values","20160721","20160721"
"40727","50501","PickList","PickListValue","3000954","227","values","20160721","20160721"
"40728","50501","PickList","PickListValue","3000956","228","values","20160721","20160721"
"40729","50501","PickList","PickListValue","3000958","229","values","20160721","20160721"
"40730","50501","PickList","PickListValue","3000960","230","values","20160721","20160721"
"40731","50501","PickList","PickListValue","3000962","231","values","20160721","20160721"
"40732","50501","PickList","PickListValue","3000964","232","values","20160721","20160721"
"40733","50501","PickList","PickListValue","3000966","233","values","20160721","20160721"
"40734","50501","PickList","PickListValue","3000968","234","values","20160721","20160721"
"40735","50501","PickList","PickListValue","3000970","235","values","20160721","20160721"
"40736","50501","PickList","PickListValue","3000972","236","values","20160721","20160721"
"40737","50501","PickList","PickListValue","3000974","237","values","20160721","20160721"
"40738","50501","PickList","PickListValue","3000976","238","values","20160721","20160721"
"40739","50501","PickList","PickListValue","3000978","239","values","20160721","20160721"
"40740","50501","PickList","PickListValue","3000980","240","values","20160721","20160721"
"40741","50501","PickList","PickListValue","3000982","241","values","20160721","20160721"
"40742","50501","PickList","PickListValue","3000984","242","values","20160721","20160721"
"40743","50501","PickList","PickListValue","3000986","243","values","20160721","20160721"
"40744","50501","PickList","PickListValue","3000988","244","values","20160721","20160721"
"40745","50501","PickList","PickListValue","3000990","245","values","20160721","20160721"
"40746","50501","PickList","PickListValue","3000992","246","values","20160721","20160721"
"40747","50501","PickList","PickListValue","3000994","247","values","20160721","20160721"
"40748","50501","PickList","PickListValue","3000996","248","values","20160721","20160721"
"40749","50501","PickList","PickListValue","3000998","249","values","20160721","20160721"
"216501","26647","PickList","PickListValue","12562001","9","values","20160731","20160731"
"870001","961501","PickList","PickListValue","48503502","1","values","20161001","20161001"
"870002","961501","PickList","PickListValue","48503504","2","values","20161001","20161001"
"870003","961501","PickList","PickListValue","48503506","3","values","20161001","20161001"
"870004","961501","PickList","PickListValue","48503508","4","values","20161001","20161001"
"870005","961501","PickList","PickListValue","48503510","5","values","20161001","20161001"
"870006","961501","PickList","PickListValue","48503512","6","values","20161001","20161001"
"870007","961501","PickList","PickListValue","48503514","7","values","20161001","20161001"
"870008","961501","PickList","PickListValue","48503516","8","values","20161001","20161001"
"870009","961501","PickList","PickListValue","48503518","9","values","20161001","20161001"
"870010","961501","PickList","PickListValue","48503520","10","values","20161001","20161001"
"870011","961501","PickList","PickListValue","48503522","11","values","20161001","20161001"
"870012","961501","PickList","PickListValue","48503524","12","values","20161001","20161001"
"870013","961501","PickList","PickListValue","48503526","13","values","20161001","20161001"
"870014","961501","PickList","PickListValue","48503528","14","values","20161001","20161001"
"870015","961501","PickList","PickListValue","48503530","15","values","20161001","20161001"
"870016","961501","PickList","PickListValue","48503532","16","values","20161001","20161001"
"870017","961501","PickList","PickListValue","48503534","17","values","20161001","20161001"
"870018","961501","PickList","PickListValue","48503536","18","values","20161001","20161001"
"870019","961501","PickList","PickListValue","48503538","19","values","20161001","20161001"
"870020","961540","PickList","PickListValue","48503541","1","values","20161001","20161001"
"870021","961543","PickList","PickListValue","48503544","1","values","20161001","20161001"
"870022","961543","PickList","PickListValue","48503546","2","values","20161001","20161001"
"2300001","26641","PickList","PickListValue","129500010","8","values","20161205","20161205"
"2300002","26646","PickList","PickListValue","129500006","3","values","20161205","20161205"
"2300003","26646","PickList","PickListValue","129500008","4","values","20161205","20161205"
"2350001","2610001","PickList","PickListValue","130000088","1","values","20161205","20161205"
"2350002","2610001","PickList","PickListValue","130000090","2","values","20161205","20161205"
"2350003","2610001","PickList","PickListValue","130000092","3","values","20161205","20161205"
"2350004","2610008","PickList","PickListValue","130000060","1","values","20161205","20161205"
"2350005","2610008","PickList","PickListValue","130000062","2","values","20161205","20161205"
"2350006","2610008","PickList","PickListValue","130000064","3","values","20161205","20161205"
"2350007","2610008","PickList","PickListValue","130000066","4","values","20161205","20161205"
"2350008","2610008","PickList","PickListValue","130000068","5","values","20161205","20161205"
"2350009","2610008","PickList","PickListValue","130000070","6","values","20161205","20161205"
"2350010","2610008","PickList","PickListValue","130000072","7","values","20161205","20161205"
"2350011","2610008","PickList","PickListValue","130000074","8","values","20161205","20161205"
"2350012","2610025","PickList","PickListValue","130000146","1","values","20161205","20161205"
"2350013","2610025","PickList","PickListValue","130000148","2","values","20161205","20161205"
"2350014","2610025","PickList","PickListValue","130000150","3","values","20161205","20161205"
"2350015","2610025","PickList","PickListValue","130000152","4","values","20161205","20161205"
"2350016","2610025","PickList","PickListValue","130000154","5","values","20161205","20161205"
"2350017","2610025","PickList","PickListValue","130000156","6","values","20161205","20161205"
"2350018","2610025","PickList","PickListValue","130000158","7","values","20161205","20161205"
"2350019","2610025","PickList","PickListValue","130000160","8","values","20161205","20161205"
"2350020","2610025","PickList","PickListValue","130000162","9","values","20161205","20161205"
"2350021","2610025","PickList","PickListValue","130000164","10","values","20161205","20161205"
"2350022","2610025","PickList","PickListValue","130000166","11","values","20161205","20161205"
"2350023","2610048","PickList","PickListValue","130000077","1","values","20161205","20161205"
"2350024","2610048","PickList","PickListValue","130000079","2","values","20161205","20161205"
"2350025","2610048","PickList","PickListValue","130000081","3","values","20161205","20161205"
"2350026","2610048","PickList","PickListValue","130000083","4","values","20161205","20161205"
"2350027","2610048","PickList","PickListValue","130000085","5","values","20161205","20161205"
"2350028","2610059","PickList","PickListValue","130000041","1","values","20161205","20161205"
"2350029","2610059","PickList","PickListValue","130000043","2","values","20161205","20161205"
"2350030","2610059","PickList","PickListValue","130000045","3","values","20161205","20161205"
"2350031","2610059","PickList","PickListValue","130000047","4","values","20161205","20161205"
"2350032","2610059","PickList","PickListValue","130000049","5","values","20161205","20161205"
"2350033","2610059","PickList","PickListValue","130000051","6","values","20161205","20161205"
"2350034","2610059","PickList","PickListValue","130000053","7","values","20161205","20161205"
"2350035","2610059","PickList","PickListValue","130000055","8","values","20161205","20161205"
"2350036","2610059","PickList","PickListValue","130000057","9","values","20161205","20161205"
"2350037","2610078","PickList","PickListValue","130000002","1","values","20161205","20161205"
"2350038","2610078","PickList","PickListValue","130000004","2","values","20161205","20161205"
"2350039","2610078","PickList","PickListValue","130000006","3","values","20161205","20161205"
"2350040","2610078","PickList","PickListValue","130000008","4","values","20161205","20161205"
"2350041","2610078","PickList","PickListValue","130000010","5","values","20161205","20161205"
"2350042","2610078","PickList","PickListValue","130000012","6","values","20161205","20161205"
"2350043","2610078","PickList","PickListValue","130000014","7","values","20161205","20161205"
"2350044","2610078","PickList","PickListValue","130000016","8","values","20161205","20161205"
"2350045","2610078","PickList","PickListValue","130000018","9","values","20161205","20161205"
"2350046","2610078","PickList","PickListValue","130000020","10","values","20161205","20161205"
"2350047","2610078","PickList","PickListValue","130000022","11","values","20161205","20161205"
"2350048","2610078","PickList","PickListValue","130000024","12","values","20161205","20161205"
"2350049","2610078","PickList","PickListValue","130000026","13","values","20161205","20161205"
"2350050","2610078","PickList","PickListValue","130000028","14","values","20161205","20161205"
"2350051","2610078","PickList","PickListValue","130000030","15","values","20161205","20161205"
"2350052","2610078","PickList","PickListValue","130000032","16","values","20161205","20161205"
"2350053","2610078","PickList","PickListValue","130000034","17","values","20161205","20161205"
"2350054","2610078","PickList","PickListValue","130000036","18","values","20161205","20161205"
"2350055","2610078","PickList","PickListValue","130000038","19","values","20161205","20161205"
"2350056","2610117","PickList","PickListValue","130000095","1","values","20161205","20161205"
"2350057","2610117","PickList","PickListValue","130000097","2","values","20161205","20161205"
"2350058","2610117","PickList","PickListValue","130000099","3","values","20161205","20161205"
"2350059","2610117","PickList","PickListValue","130000101","4","values","20161205","20161205"
"2350060","2610117","PickList","PickListValue","130000103","5","values","20161205","20161205"
"2350061","2610117","PickList","PickListValue","130000105","6","values","20161205","20161205"
"2350062","2610117","PickList","PickListValue","130000107","7","values","20161205","20161205"
"2350063","2610117","PickList","PickListValue","130000109","8","values","20161205","20161205"
"2350064","2610117","PickList","PickListValue","130000111","9","values","20161205","20161205"
"2350065","2610117","PickList","PickListValue","130000113","10","values","20161205","20161205"
"2350066","2610117","PickList","PickListValue","130000115","11","values","20161205","20161205"
"2350067","2610117","PickList","PickListValue","130000117","12","values","20161205","20161205"
"2350068","2610117","PickList","PickListValue","130000119","13","values","20161205","20161205"
"2350069","2610117","PickList","PickListValue","130000121","14","values","20161205","20161205"
"2350070","2610117","PickList","PickListValue","130000123","15","values","20161205","20161205"
"2350071","2610117","PickList","PickListValue","130000125","16","values","20161205","20161205"
"2350072","2610117","PickList","PickListValue","130000127","17","values","20161205","20161205"
"2350073","2610117","PickList","PickListValue","130000129","18","values","20161205","20161205"
"2350074","2610117","PickList","PickListValue","130000131","19","values","20161205","20161205"
"2350075","2610117","PickList","PickListValue","130000133","20","values","20161205","20161205"
"2350076","2610117","PickList","PickListValue","130000135","21","values","20161205","20161205"
"2350077","2610117","PickList","PickListValue","130000137","22","values","20161205","20161205"
"2350078","2610117","PickList","PickListValue","130000139","23","values","20161205","20161205"
"2350079","2610117","PickList","PickListValue","130000141","24","values","20161205","20161205"
"2350080","2610117","PickList","PickListValue","130000143","25","values","20161205","20161205"
